"Question","Answer","Source"
"Fatura tutarımı nasıl öğrenebilirim?","Turkcell.com.tr anasayfasından hesabınıza giriş yapın. ""İşlem Merkezi"" alanından ""Faturalarım"" seçeneğine tıklayın. Önünüze gelen sayfada faturanızın özet bilgilerini görebilirsiniz. Kullanım detaylarınızı incelemek için, ilgili fatura satırının sağ tarafında bulunan sarı butona tıklayabilirsiniz...​​Fatura tutarınızı öğrenmek için tıklayın.","https://www.turkcell.com.tr/destek/hattiniz/faturali/fatura-tutarimi-nasil-ogrenebilirim"
"Faturamı Son Ödeme Tarihinde Ödenmediğimde Hattımın Kısıtlanma ve Durdurma Süre ve Süreçleri nelerdir?","​​Faturanın Son Ödeme Tarihinde Ödenmemesi Sonrası Hattın Kısıtlanması ve DurdurulmasıFaturanın son ödeme tarihinde ödenmemesi halinde borçlu hat için ”Elektronik Haberleşme Sektörüne İlişkin Tüketici Hakları Yönetmeliği” hükümleri kapsamında kısıtlama ve durdurma aksiyonları alınmaktadır.Kısıtlama Öncesi :1-Faturanın son ödeme tarihinde ödenmemesi halinde, aboneye kısa mesaj ile, faturanın son ödeme tarihi + 1. günden sonra, ve kısıtlama tarihinden de en az 7 gün önce olacak şekilde hattının kısıtlanacağına dair bilgi verilir.2- Gerekli görülmesi durumunda ödenmemiş faturanın hatırlatılması amacıyla kısıtlama öncesinde ilave olarak kısa mesaj, e-mail gönderimi, anons ve arama gibi aksiyonlar alınmaktadır.Kısıtlama :3- Kısıtlama öncesinde kısa mesaj ile yapılan bildirime rağmen, fatura borcu ödenmezse, kısa mesajda belirtilen kısıtlama tarihinde borçlu hattın kullanımları kısıtlanır.Borçlu hat, faturanın son ödeme tarihini geçtikten sonraki  ilk fatura kesim tarihi  öncesinde, kısıtlanmaktadır.**Hattın Kısıtlanması: Abone hattının acil arama hizmeti ve işletmeci müşteri hizmetleri numarası hariç olmak üzere, giden aramalara ve kısa mesajlara kapatılması şeklinde, internet erişim hizmetlerinde, internet bağlantı hızının düşürülmesi veya asgari olarak abonenin borcunu ödemesine imkân verecek şekilde bazı internet sayfalarına erişim sağlanması,4-Borçlu hattın kısıtlanmasının ardından aboneye kısa mesaj ile hattının kısıtlandığı, ödemenin yapılmaması durumunda  kısıtlı şekilde sunulan hizmetin durdurulacağı ve ödeme işlemini gerçekleştirebileceği kanallara ilişkin bilgisi verilir.5- Gerekli görülmesi durumunda ödenmemiş fatura borçlarının hatırlatılması amacıyla durdurma öncesi kısa mesaj, e-mail gönderimi, anons, arama gibi aksiyonlar alınmaktadır.6- Kısıtlama süreleri fatura itiraz, taksitlendirme ve özel istisna gerektiren durumlar haricinde aşağıdaki gibi gerçekleşmektedir. OHAL durumlarında  sürelerde değişiklikler olabilmektedir.​Kısıtlama Öncesi SMSKısıtlama​Açık Fatura Sayısı​Son Ödeme Tarihi+ 1 ile 10 gün​Kısıtlama Öncesi SMS+7.gün​​1Bu süreler, resmi tatil ve hafta sonları nedeniyle  ötelenebilmektedir.Durdurma :7- Kısa mesajla yapılan durdurma öncesi bildirime ve hattın kısıtlanmasına rağmen, fatura borcu ödenmezse, hattın kullanımları son ödeme tarihini takip eden yeni fatura dönemiyle birlikte tamamen durdurulur.**Hattın Durdurulması: Abone hattının, acil arama hizmeti hariç olmak üzere, gelen ve giden aramalar ile kısa mesajlara kapatılması ve internet erişim hizmetlerinin durdurulması,Kısıtlama-Durdurma Önce ve Sonrası Fatura Ödemesi :8- Aboneler fatura kesim tarihlerinden itibaren tüm ödeme kanallarından fatura ödemelerini gerçekleştirebilirler. Ödeme için :Turkcell Online Fatura Borç Sorgulama ve Ödeme​9- Abonelik iptal olmadığı sürece, borç nedeniyle kısıtlı yada durdurulmuş olan hat, ödenmemiş faturaların ödeme bilgisinin sistemlerimize yansımasından en geç 24 saat içinde kullanıma açılmaktadır.10- Abonenin faturasını ödememesi nedeni ile hizmetin kısıtlanması/durdurulması ve hattın tekrar hizmete açılması durumunda, bir takvim yılındaki ilk açma-kapama işlemi için aboneye herhangi bir ad altında ücret yansıtılmaz.","https://www.turkcell.com.tr/destek/hattiniz/faturali/faturami-son-odeme-tarihinde-odenmedigimde-hattimin-kisitlanma-ve-durdurma-sure-ve-surecleri-nelerdir"
"Faturamı nasıl ödeyebilirim?","​Turkcell.com.tr anasayfasından hesabınıza giriş yapın. Ana menüde en altta bulunan ""İşlem Merkezi"" seçeneğinin üzerine gelin. Açılan ekranda ""Faturalarım"" bölümünün altında yer alan ""Fatura Ödeme"" seçeneğine tıklayın. Önünüze gelen sayfada hat veya hatlarınızı, ""Fatura Seçimi"" başlığı altında da ödenmemiş fatura veya faturalarınızı görebilirsiniz. Ödemek istediğiniz faturanızın sağ tarafında bulunan kutucuğu işaretleyin. Ardından Ödeme Detayları başlığı altında istenen kredi kartı bilgilerini girerek fatura ödemenizi gerçekleştirebilirsiniz.​Faturanızı​ ödemek için tıklayın.​​Bankalar ve Anlaşmalı Kurumlar​Bankalar ve Anlaşmalı Kurumlar​Tüm ŞubeGişel​eriOtomatikÖdeme​ATM​WAP​Telefon​İnternet​Kredi Kartı ileOtomatik Ödeme​Turkcell​​​​​​​​​532 ya da 0532 532 0000​​turkcell.com.trHe​men Öde​var*​​Akbankvar​var​​​444 25 25​akbank.com.tr​var​Aktifbank​var​var​​​444 30 50​aktifbank.com.tr​​Albaraka Türkvarvar​​​​444 5 666albarakaturk.com.tr​​Abank(Alternatif Bank)A.Ş.var​var​​​​abank.com.tr​Anadolu Bank​​var​var​​​​anadolubank.com.tr​​Burgan Bank​var​var​​​0850 222 8 222 ​burgan.com.tr ​​​​Citibank​varvar​​​​444 0 500www.citibank.com.tr​​​var​DenizBank​varvar​​var​​444 0 800​denizbank.com​Fibabanka​​var​var​​444 88 88​​fibabanka.com.tr​​Finansbank​var​varvar​var​444 0 900​finansbank.com.tr​var​Garanti Bankası​var​var​var​var​444 0 333​garanti.com.tr​var​Halkbank​var​var​var​var​444 0 400​halkbank.com.tr​​HSBC Bank​var​var​var​​444 0 111​hsbc.com.tr​var​ICBC Bank​varvar​​​​icbc.com.tr​var​ING BANK​​var​var​​​444 0 600​ingbank.com.tr​varKuveyt Türk Katılım Bankası​​var​var​var​​444 0 123​kuveytturk.com.tr​​PTT​var​var​​​​​​Şekerbank​var​var​​​444 78 78​sekerbank.com.tr​varT.C Ziraat Bankası​​var​var​var​​​ziraat.com.tr​var​TEB​var​var​var​ var​444 0 666​teb.com.tr​Turkishbank​​var​var​​​turkishbank.com.tr​Türkiye Finans Katılım Bankası​​var​var​var​var​444 2 444​turkiyefinans.com.tr​​Türkiye İş Bankası​var​var​var​var​444 0 202​isbank.com.tr​var​Türkiye Vakıflar Bankası​var​var​var​​444 0 724​vakifbank.com.tr​varVakıf Katılım Bankasıvarvarvar​0850 202 1 202vakifkatilim.com.tryok​​​Yapı ve Kredi Bankası​​var​var​var​​444 0 444​yapikredi.com.tr​varZiraat Katılım Bankası​​var​​var​var​​​0850 220 50 00​​ziraatkatilim.com.tr​yok​​Faturalarınızı, Turkcell Mağazalarından nakit veya kredi kartı ile,Turkcell Müşteri Hizmetleri'nden ve Turkcell.com.tr'ye giriş yaparak Turkcell Uygulaması'ndan kredi kartı ile ödeyebilirsiniz.Turkcell mağazalarından nakit veya kredi kartı ile yapılan fatura ödemelerinde işlem ücreti alınmamaktadır.* PTT ve banka kanallarından yapılan fatura ödemelerinde bankalar tarafından müşterilerden değişen işlem ücreti alınabilmektedir. Detaylı bilgi için bankanızla görüşebilirsiniz.* Paycell’in kanallarından (Paycell uygulaması ve Paycell web sitesi) yapılacak Turkcell mobil hat fatura ödemelerinde işlem ücreti alınmamaktadır. Detaylı bilgi için https://paycell.com.tr/fatura-odeme ziyaret edebilirsiniz.​Otomatik ödeme talimatınızı bankalar dışında Turkcell akanallarından da hemen verebilirsiniz. Talimat verebileceğiniz Turkcell kanalları;Turkcell.com.tr'den giriş yaparak Turkcell Uygulaması'ndan ve 532 Seslı Yanıt Sistemi'nden (Visa ve Mastercard logolu) tüm banka kredi kartlarınız ile,Turkcell Mağazalarından de Akbank banka/kredi kartları ve Garanti Bankası kredi kartlarınız ile talimatınızı verebilirsiniz.Haziran 2012 ve öncesi yıllara ait ödenmemiş faturası bulunan müşterilerin, bu borçlarını ödemeleri durumunda, bu borçlar sebebi ile oluşan henüz faturalanmamış faiz, kendilerine faturalandırıl​madan silinecektir.​​​​​​​​​​​​​​​​*Hesabım'a​ www.turkcell.c​om.tr sayfalarından,iPhone ve Android uygulamalarındanulaşabilirsiniz.​Kredi kartımı kaydederek faturamı nasıl ödeyebilirim?Kredi kartı bilgilerinizi Turkcell ve Grup Şirketlerince hatırlanmak üzere güvenli bir şekilde kaydederek fatura ödeme işlemlerinizi de kolaylaştırabilirsiniz.www.turkcell.com.tr’de kart numaranızı tekrar tuşlamak zorunda kalmadan en güvenli ve hızlı şekilde faturanızı ödeyebilirsiniz.532 Turkcell Müşteri Hizmetleri’ni aradığınızda “faturamı ödemek istiyorum” diyerek yönleneceğiniz fatura ödeme adımında kredi kartı bilgilerinizi tuşlamak zorunda olmadan ödemenizi hızlıca tamamlayabilirsiniz.İnternet bağlantınız olmasa bile, size gönderdiğimiz fatura ödeme mesajını yanıtlayarak Turkcell’de kayıtlı kredi kartınızdan güvenli ve kolay bir şekilde faturanızı ödeyebilirsiniz.Kredi kartınızı kaydederek her an her yerden, ihtiyacınız olduğu anda cep telefonunuzla faturanızı ödeyebilirsiniz. Tek yapmanız gereken telefonunuzdan *137# tuşlayıp arama tuşuna basarak kayıtlı kartınızdan ödeme işlemini başlatmak!Tüm bu kolaylıklardan yararlanmak için, eğer kartınızı daha önce kaydetmediyseniz hementıklayın.​​","https://www.turkcell.com.tr/destek/hattiniz/faturali/faturami-nasil-odeyebilirim"
"Faturamın hangi ücretlerden oluştuğunu nasıl öğrenebilirim?","Turkcell.com.tr anasayfasından hesabınıza giriş yapın. Ana menüden en alt kısımdaki ""İşlem Merkezi"" seçeneğinin üzerine tıklayın. Açılan ekranda ""Faturalarım"" altında yer alan ""Fatura Analizi"" seçeneğine tıklayın. Önünüze gelen sayfada Güncel Fatura Detayı başlığının hemen altında bulunan alandan incelemek istediğiniz fatura dönemini seçebilirsiniz. Seçtiğiniz faturanızın paket ve tarife tutarını, paket dışı kullanım ya da paket aşım tutarını Özet, Analiz ve Detay tablarını görüntüleyerek inceleyebilirsiniz.​Fatura analizini incelemek için tıklayın​.​Kullanım durumunuzla ilgili bir sorun olduğunu veya size çözüm üretilmesi gerektiğini düşünüyorsanız,​ 532'yi arayarak Fatura Danışmanlarımızla görüşebilirsiniz.","https://www.turkcell.com.tr/destek/hattiniz/faturali/faturamin-hangi-ucretlerden-olustugunu-nasil-ogrenebilirim"
"Güncel tutarımı nasıl öğrenebilirim ?","Turkcell.com.tr anasayfasından hesabınıza giriş yapın. Ana menüde en alt alanda bulunan ""İşlem Merkezi"" seçeneğinin üzerine gelin. Açılan ekranda ""Faturalarım"" altında yer alan ""Güncel Fatura"" seçeneğine tıklayın. Önünüze gelen sayfada güncel fatura tutarınızı görebilirsiniz. Kullanım detaylarınızı görebilmek için, güncel fatura tutarınızın bulunduğu satırın sağ tarafında yer alan sarı butona tıklayabilirsiniz.​Güncel fatura detayınızı incelemek için tıklayın​.​","https://www.turkcell.com.tr/destek/hattiniz/faturali/guncel-tutarimi-nasil-ogrenebilirim"
"Fatura tutarımın ne kadar olacağını, faturam kesilmeden sorgulayabilir miyim?","Turkcell.com.tr anasayfasından hesabınıza giriş yapın. Ana menüde en altta yer alan ""İşlem Merkezi"" seçeneğinin üzerine gelin. Açılan ekranda ""Faturalarım"" altında yer alan ""Güncel Fatura"" seçeneğine tıklayın. Önünüze gelen sayfada güncel fatura tutarınızı; paket ücretleriniz, vergiler, o zamana kadar yapmış olduğunuz işlemler ve sisteme yansıyan tüm kullanımlarınızdan oluşan tutar özetiyle görebilirsiniz.Güncel fatura detayınızı incelemek için tıklayın​.​","https://www.turkcell.com.tr/destek/hattiniz/faturali/faturamin-ne-kadar-cikacagini-faturam-kesilmeden-sorgulayabilir-miyim"
"Güncel tutarımın içinde hangi ücretler olduğunu nasıl öğrenebilirim?","Turkcell.com.tr anaysafasından hesabınıza giriş yapın. Ana menüde en alltta bulunan ""İşlem Merkezi"" bölümünün üzerine gelin. Açılan ekranda ""Faturalarım"" altında yer alan ""Güncel Fatura"" seçeneğine tıklayın. Burada güncel faturanızın tutarını ve ücret dağılımını görebilirsiniz.​Güncel fatura tutarınızın sağ tarafında bulunan sarı butona tıkladığınızda güncel fatura detayınıza erişebilirsiniz. Özet tabında kullanım özetinizi, Analiz tabında konuşma istatistiklerinizi ve Detay tabında da hattınızla yaptığınız iletişim işlemlerini ve tutarlarını ayrıntılı bir şekilde görebilirsiniz.​Güncel tutarınızı incelemek için tıklayın​.​","https://www.turkcell.com.tr/destek/hattiniz/faturali/guncel-tutarimin-icinde-hangi-ucretler-oldugunu-nasil-ogrenebilirim"
"Fatura kesim tarihimi nasıl değiştirebilirim?","Turkcell.com.tr anasayfasından hesabınıza giriş yapın. Ana menüde en alt kısında bulunan ""İşlem Merkezi"" seçeneğindeki ""Faturalarım"" altında yer alan ""Fatura Ayarlarım"" bölümüne tıklayın. Açılan sayfayı aşağı doğru kaydırdığınızda ""Fatura Kesim Tarihi"" başlığı altında faturalarınızın kesilmesini istediğiniz tarih aralığını seçebilirsiniz.Fatura kesim tarihini değiştirmek için tıklayın.​Yeni müşterilerimiz için; faturalı hatta geçiş, Mobil numara taşıma (Port-In), Yeni tesis aboneliklerinde Billcycle (fatura dönemi belirleme) belirlenmesi işlemin yapıldığı tarihe göre ayın 10 ya da 20'si olacaktır. Sonrasında ​faturanızın kesilme tarihini talebinize göre Turkcell uygulamasından, Turkcell.com.tr'den, Turkcell çağrı merkezinden her ayın 10, 20 ve 25'i olarak belirleyebilirsiniz. ​*Fatura son ödeme dönemi değişikliği yaptığınız tarihi takiben, iki ay içinde tekrar değişiklik talebinde bulunamazsınız.","https://www.turkcell.com.tr/destek/hattiniz/faturali/fatura-kesim-tarihimi-nasil-degistirebilirim"
"Faturamın son ödeme tarihini nasıl öğrenebilirim?","Turkcell.com.tr anasayfasından hesabınıza giriş yapın. Ana menüdeki en altta bulunan ""İşlem Merkezi"" seçeneğinin altındaki ""Faturalarım"" seçeneğine tıklayın. Önünüze gelen sayfada güncel fatura tutarınızı ve hemen altında kesilmiş son faturanızı görebilirsiniz. Son faturanızın son ödeme tarihini aynı ekranda görebilir, aynı satırda bulunan sarı butona tıklayarak Fatura Detay sayfasına yönlenebilirsiniz.​Faturanızın son ödeme tarihini öğrenmek için tıklayın​.​​","https://www.turkcell.com.tr/destek/hattiniz/faturali/faturamin-son-odeme-tarihini-nasil-ogrenebilirim"
"Otomatik Ödeme Talimatı nasıl verebilirim?","​​Turkcell.com.tr anasayfasından hesabınıza giriş yapın. Ana menüde en altta yer alan ""İşlem Merkezi"" kategorisinin üzerine gelin. Açılan ekranda ""Faturalarım"" seçeneğine tıklayın. Önünüze gelen ekranda, sol menüden ""Otomatik Ödeme Talimatı​"" seçeneğine tıklayın. Açılan sayfada hat veya hatlarınızı, alt bölümde de kredi kartı veya **debit kart bilgilerinizi girerek ""Otomatik Ödeme Talimatı"" verebileceğiniz alanları görebilirsiniz. Diğer Hatlar seçeneği ile başkasının adına kayıtlı hatlar için de otomatik ödeme talimatı verebilirsiniz.​Hemen otomatik ödeme talimatı vermek için tıklayın.​​Sesli Yanıt Sistemi Fatura Danışmanı menüsünden 5'i tuşlayarak kredi kartı ve **debit kart ile, Turkcell Mağazalarından Akbank banka/kredi kartları ve Garanti Bankası kredi kartları ile talimat verebilirsiniz.​ Ayrıca bankaların internet bankacılığı, müşteri hizmetleri ve şube kanallarından, vadesiz hesabınızdan veya kredi kartınızdan da  talimat verebilirsiniz.​SMS ile kredi kartı ve **debit kartınız ile otomatik ödeme talimatı vermek istıyorsanız OTO yazıp 2222'ye gönderin, biz sizi arayalım.Bankalar ve Anlaşmalı Kurumlar​Bankalar ve Anlaşmalı Kurumlar​Tüm ŞubeGişel​eriOtomatikÖdeme​ATM​WAP​Telefon​İnternet​Kredi Kartı ileOtomatik Ödeme​Turkcell​​​​​​​​​532 ya da 0532 532 0000​​turkcell.com.trHe​men Öde​var*​​Akbankvar​var​​​444 25 25​akbank.com.tr​var​Aktifbank​var​var​​​444 30 50​aktifbank.com.tr​​Albaraka Türkvarvar​​​​444 5 666albarakaturk.com.tr​​Abank(Alternatif Bank)A.Ş.var​var​​​​abank.com.tr​Anadolu Bank​​var​var​​​​anadolubank.com.tr​Burgan Bank​var​var​​​0850 222 8 222 ​www.burgan.com.tr ​​​​Citibank​varvar​​​​444 0 500​www.citibank.com.tr​var​DenizBank​varvar​​var​​444 0 800​denizbank.com​Fibabanka​​var​var​​444 88 88​​fibabanka.com.tr​​Finansbank​var​varvar​var​444 0 900​finansbank.com.tr​var​Garanti Bankası​var​var​var​var​444 0 333​garanti.com.tr​var​Halkbank​var​var​var​var​444 0 400​halkbank.com.tr​​HSBC Bank​var​var​var​​444 0 111​hsbc.com.tr​varING BANK​​var​var​​​444 0 600​ingbank.com.tr​varKuveyt Türk Katılım Bankası​​var​var​var​​444 0 123​kuveytturk.com.tr​​PTT​var​var​​​​​​Şekerbank​var​var​​​444 78 78​sekerbank.com.tr​varT.C Ziraat Bankası​​var​var​var​​​ziraat.com.tr​var​TEB​var​var​var​ var​444 0 666​teb.com.tr​​Tekstilbank​var​var​​​​tekstilbank.com.tr​varTurkishbank​​var​var​​​www.turkishbank.com​​​​Türkiye Finans Katılım Bankası​​var​var​var​var​444 2 444​turkiyefinans.com.tr​​Türkiye İş Bankası​var​var​var​var​444 0 202​isbank.com.tr​var​Türkiye Vakıflar​ Bankası​var​var​var​​444 0 724​vakifbank.com.tr​var​Vakıf Katılım Bankası​var​var​var​​0850 202 1 202​vakifkatilim.com.tr​​yok​​Yapı ve Kredi Bankası​​var​var​var​​444 0 444​yapikredi.com.tr​varFaturalarınızı, Turkcell Mağazalarından nakit veya kredi kartı ile,Turkcell Müşteri Hizmetleri'nden ve Turkcell.com.tr'ye giriş yaparak Turkcell Uygulaması'ndan kredi kartı ile ödeyebilirsiniz.Çağrı merkezinden anlaşmalı bankaların kredi kartlarına taksitlendirme yaparak ödeyebilirsiniz.​PTT ve banka şubelerinin gişelerinden yapılacak fatura ödemelerinde, bankalar ve PTT tarafından 1 TL işlem ücreti alınmaktadır.*Otomatik ödeme talimatınızı bankalar dışında Turkcell kanallarından da hemen verebilirsiniz. Talimat verebileceğiniz Turkcell kanalları;Turkcell.com.tr'den giriş yaparak Turkcell Uygulaması'ndan ve 532 Seslı Yanıt Sistemi'nden (Visa ve Mastercard logolu) tüm banka kredi kartlarınız ile,Turkcell Mağazaları'nden de Akbank banka/kredi kartları ve Garanti Bankası kredi kartlarınız ile talimatınızı verebilirsiniz.Haziran 2012 ve öncesi yıllara ait ödenmemiş faturası bulunan müşterilerin, bu borçlarını ödemeleri durumunda, bu borçlar sebebi ile oluşan henüz faturalanmamış faiz, kendilerine faturalandırıl​madan silinecektir.​​​​​​​​​​​​​​​​*Hesabım'a​ www.turkcell.c​om.tr sayfalarından,iPhone ve Android uygulamalarındanulaşabilirsiniz.**Debit Kart: Paycell kart, banka hesap kartı veya diğer ödeme çözümlerine ait kartları kapsamaktadır.​","https://www.turkcell.com.tr/destek/hattiniz/faturali/otomatik-odeme-talimati-nasil-verebilirim"
"Otomatik ödeme talimatımı nasıl iptal ederim?","Turkcell.com.tr anasayfasından hesabınıza giriş yapın. Ana menüde en alttaki alanda bulunan ""İşlem Merkezi"" kategorisinin üzerine tıklayın. Açılan ekranda ""Faturalarım"" seçeneğine tıklayın. Önünüze gelen ekranda, sol menüden ""Otomatik Ödeme Talimatı"" seçeneğine tıklayın. Açılan sayfada ödeme talimatlarınızı görebilirsiniz. Eğer otomatik ödeme talimatınızı turkcell.com.tr üzerinden vermişseniz, talimatı Turkcell üzerinden iptal edebilirsiniz. Bankalar üzerinden verdiğiniz otomatik ödeme talimatlarını, ait olduğu banka ile iletişime geçerek iptal edebilirsiniz.​Otomatik ödeme talimatı vermek/iptal etmek için tıklayın​.​​","https://www.turkcell.com.tr/destek/hattiniz/faturali/otomatik-odeme-talimatimi-nasil-iptal-ederim"
"Kontratlı bir tarifedeyim, fatura dönem değişikliği yapabilir miyim?","Yıllık kontratlı ve cihazlı kampanyaların büyük kısmında fatura dönem değişikliği yapılabilmektedir. Bulunduğunuz kampanyada fatura dönem değişikliği yapılıp yapılmadığını öğrenmek ve işlem yapmak içintıklayınız​.​Kontratlı kampanyalarda fatura kesim tarihinizi değiştirdiğinizde, kampanyanızın bitiş tarihi de yeni fatura kesiminize uygun olacak şekilde güncellenir. Kampanya bitiş tarihinizi de Turkcell Uygulaması altındna kontrol edebilirsiniz.","https://www.turkcell.com.tr/destek/hattiniz/faturali/tek-fatura-nedir"
"E-fatura ve sms fatura talimatı nasıl verebilirim?","Turkcell.com.tr anasayfasından hesabınıza giriş yapın. Ana menüde en altta bulunan ""İşlem Merkezi"" bölümünün üzerine gelin. Açılan ekranda ""Faturalarım"" altında yer alan ""Fatura Ayarları""na tıklayın. Önünüze gelen sayfada ""Fatura Gönderim Yöntemi"" başlığı altında E-fatura ve SMS Fatura seçeneklerini görebilirsiniz.Faturalarınızı e-posta yoluyla almak istiyorsanız, E-fatura seçeneğini işaretleyerek hemen altında bulunan alana e-posta adresinizi yazmanız ve ""Efatura'ya Geç"" butonuna tıklamanız yeterlidir. Faturalarınızı SMS ile almak istiyorsanız SMS Fatura seçeneğini işaretleyerek ​""SMS Fatura'ya Geç"" butonuna tıklamanız yeterlidir.E-fatura ve sms fatura talimatı vermek için tıklayın​.​","https://www.turkcell.com.tr/destek/hattiniz/faturali/kontratli-bir-tarifedeyim-fatura-donem-degisikligi-yapabilir-miyim"
"Faturamdaki vergiler nelerdir?","​​​​Yeni bir faturalı hat almanız durumunda, kullanımlarınızdan bağımsız olarak yansıyacak vergiler;Yeni Tesis Özel İletişim Vergisi: 570,00 TL; bu vergi, yeni abonelikler için 12 eşit taksitte faturalandırılmaktadır. Bu vergi faturanızda, Diğer Vergiler, Harçlar, Fonlar kaleminde yer alır. ​Telsiz Ruhsat Ücreti: Yeni hat alımlarında bir seferlik ödenir. Yıllık 258,04 TL olup, Turkcell’de faturanıza ilk 12 ay boyunca eşit taksitler halinde yansıtılır.Telsiz Kullanım Ücreti: Yıllık 258,04 TL olup, aylık 21,51 TL (son ay 21,43TL)’lik taksitlerle kullanımlarınızdan bağımsız olarak faturanıza yansıtılır.​Not: Bu vergiler, faturanızda Diğer Vergiler, Harçlar, Fonlar kaleminde ilgili dönemde faturalandırılır ve sizin adınıza devlete iletilir. Ancak size kolaylık sağlaması için aynı faturaya aynı tutarda, İndirimler kaleminde indirim verilir ve vergi toplamı 12 taksit halinde Tahsilatına Aracılık Edilen Ödemeler kaleminde faturanıza yansıtılır.Kullanımlarınız üzerinden yansıyacak vergiler: KDV; Katma Değer Vergisi Kanunu gereğince, tüm haberleşme hizmetleri için faturanıza KDV yansıtılmaktadır.Özel İletişim Vergisi: 30.12.2020 tarihi itibarıyla faturanızda yer alan Özel İletişim Vergisi’ne tabii tüm mobil hizmetler için %10 oranında Özel İletişim Vergisi alınmaktadır.​ (6802 sayılı kanunun 39. maddesi gereğince; cep telefonu işletmecileri tarafından verilen (ön ödemeli kart satışları dahil) tesis, devir, nakil ve haberleşme hizmetleri bu kapsama dahildir.)Damga Vergisi: Cihaz veya paket gibi belli bir bedel içeren kampanyaya katılmanız durumunda faturanıza yansıyacaktır. Tarafınızdan imzalanan sözleşmede/taahhütnamede yer alan en yüksek parasal tutarın %0,948'i olarak hesaplanır. ​​Not: Faturalı hattınızı başka birine devrederseniz, devralan kişi devraldığı hattın tüm vergi borçlarını da devralmış olur. Ek olarak yeni bir aboneye uygulanan tüm vergiler kendisinden alınır.​","https://www.turkcell.com.tr/destek/hattiniz/faturali/e-fatura-ve-sms-fatura-talimati-nasil-verebilirim"
"Limit altı fatura nedir?","​Fatura tutarınız belirli bir limitin altında kalırsa, o döneme ait faturanız kesilmez ve limit altında kalan tutar bir sonraki fatura döneminize devreder.Limit altı fatura tutarı basılı faturalar için 85 TL, diğer fatura gönderim tipleri için 5 TL'dir.​Faturanızın limit altı tutardan az olması durumunda yine de kesilmesini isterseniz, 532'den Turkcell Müşteri Hizmetleri ile iletişime geçebilirsiniz.","https://www.turkcell.com.tr/destek/hattiniz/faturali/faturamdaki-vergiler-nelerdir"
"Faturam belirli bir tutara geldiğinde beni bilgilendirebilir misiniz?","Fatura Kontrol Servisi'ne abone olduğunuzda, fatura tutarınız belirlediğiniz miktara geldiğinde SMS ile bilgilendirilirsiniz. Fatura Kontrol Servisi sayesinde kullanım durumunuzu merak ettiğinizde, o anki kullanım miktarınızı ve seçtiğiniz tutara ne kadar kaldığını sorgulayabilirsiniz.Fatura Kontrol Servisi ücretsizdir.""KONTROL"" yazıp 2222'ye SMS göndererek Fatura Kontrol Servisi'ne abone olabilirsiniz. ​Ayrıca turkcell.com.tr anasayfasından hesabınızla giriş yaparak, Turkcell Uygulaması'ndan ""Faturalarım"" seçeneğinde ""Fatura Ayarlarım""a tıklayarak ""Fatura Kontrol Limiti"" seçeneğine ulaşabilirsiniz.","https://www.turkcell.com.tr/destek/hattiniz/faturali/limitalti-fatura-nedir"
"Faturamdaki kalemler nelerdir?","Tarife ve Paket Ücretleri; kullanmakta olduğunuz tarife, paket ve bazı diğer aylık servislerin ücretidir.Kullanım Ücretleri; konuşma, mesajlaşma, internet ve kullandıysanız içerik servis ücretlerinin toplamını göstermektedir. Paket kullanıyorsanız buraya yansıyan ücretler paket harici kullanımlarınızı göstermektedir. Ücretlendirilen kullanımların hangi yöne yapıldığı ise faturanın arka yüzünde gösterilmektedir.Katma Değerli Servisler; içerik, müzik, logo, melodi gibi servislerden tanımlanan paketleri gösterir. ÇalarkenDinlet, GollerCepte, Anadolu Ajansı Haber Paketi, MMS Paketi gibi paketler.Yurt Dışında Kullanım Ücreti; yurt dışında yaptığınız kullanımlar bu kalemde gösterilmektedir.Diğer Ücretler; kullanım ve paket ücretleri haricinde hattınızdan yaptığınız ücretli işlemleri göstermektedir.Gecikme Bedeli; faturalarınızın son ödeme tarihinde ödenmemesi durumunda hesaplanan faiz tutarıdır. Gecikme bedelinin hangi ay faturalarından yansıdığı ise faturanın arka yüzünde gösterilmektedir.İndirimler; Turkcell tarafından yapılan kampanyalarda kazandığınız indirimler toplamı fatura önyüzünde bu kalemde gösterilmiştir. Detayları faturanın arka yüzünde yer almaktadır.Düzeltme; önceki dönem faturalarınız için yapılan düzeltmeler sonucunda tarafınıza iade edilen tutar toplamı fatura önyüzünde bu kalemde gösterilmiştir.Tahsil Edilmemiş Alacak; önceki dönemlerde faturalandırılmamış borç tutarıdır. ​Tahsilatına Aracılık Edilen ​Ödemeleriniz; b​ağış ücreti, mobil ödeme, cihaz ücreti gibi sadece tahsilatına aracılık edilen ödemeler bu kalemde gösterilmektedir.Yuvarlama farkı: Ödeme kolaylığı sağlamak amacıyla, fatura toplamındaki küsuratların yuvarlanması sonucu oluşan kalemdir. Virgülden sonraki haneler 10 kuruş ve katları olacak şekilde aşağıya veya yukarıya doğru yuvarlanır. Başında eksi görülen tutar aşağıya yuvarlandığı için tahsil edilmeyen tutardır.​","https://www.turkcell.com.tr/destek/hattiniz/faturali/faturam-belirli-bir-tutara-geldiginde-beni-bilgilendirebilir-misiniz-"
"Geçmiş dönem faturalarıma nasıl ulaşabilirim?","Turkcell.com.tr anasayfasında hesabınıza giriş yapın. Ana menüden en altta bulunan ""İşlem Merkezi"" seçeneği üzerine gelin. Açılan ekranda ""Faturalarım"" altında yer alan ""Fatura Analizi"" seçeneğine tıklayın. Önünüze gelen ekranda güncel fatura kullanım detayınızın yanında son altı aya ait faturalarınızı da detaylı bir şekilde inceleyebilirsiniz. Ayrıntılı olarak incelemek istediğiniz fatura döneminizi, başlığın hemen altında bulunan alandan seçebilirsiniz.Seçtiğiniz fatura döneminin Özet, Analiz ve Detay tablarına erişebilirsiniz. Özet tabında kullanım özetinizi, Analiz tabında konuşma istatistiklerinizi ve Detay tabında da hattınızla yaptığınız iletişim işlemlerini ve tutarlarını ayrıntılı bir şekilde görebilirsiniz.​Geçmiş dönem faturalarınıza ulaşmak için tıklayın.​​6 aydan daha eski bir faturanızı incelemek istiyorsanız, 532 Turkcell Müşteri Hizmetleri'ni arayabilirsiniz.","https://www.turkcell.com.tr/destek/hattiniz/faturali/faturamdaki-kalemler-nelerdir"
"Kullanım detaylarıma nasıl ulaşabilirim?","​​Turkcell.com.tr anasayfasında hesabınıza giriş yapın. Ana menüde en altta bulunan ""İşlem Merkezi"" seçeneği üzerine gelin. Açılan ekranda ""Faturalarım"" altında yer alan ""Fatura Analizi"" seçeneğine tıklayın. Önünüze gelen ekranda Güncel Fatura Detayınızın yanı sıra son altı aya ait faturalarınızı da detaylı bir şekilde inceleyebilirsiniz. Ayrıntılı olarak incelemek istediğiniz fatura döneminizi, başlığın hemen altında bulunan alandan seçebilirsiniz.​Seçtiğiniz fatura döneminin Özet, Analiz ve Detay tablarına erişebilirsiniz. Özet tabında kullanım özetinizi, Analiz tabında konuşma istatistiklerinizi ve Detay tabında da hattınızla yaptığınız iletişim işlemlerini ve tutarlarını ayrıntılı bir şekilde görebilirsiniz.​Kullanım detaylarınızı incelemek için tıklayın​.Basılı ayrıntılı fatura ve geçmiş dönem kullanım (münferit) detay hizmetlerimizin ücreti her bir sayfa için, sayfa başı KDV ve ÖİV dahil 4,78 TL dir. Fatura detaylarınızı elektronik posta olarak alırsanız bu hizmetimiz ücretsizdir.​​​","https://www.turkcell.com.tr/destek/hattiniz/faturali/gecmis-donem-faturalarima-nasil-ulasabilirim"
"Gecikme faizi oranı nedir?","​​​​Bireysel müşterilerimiz için gecikme faizi oranı 1 Haziran 2024 tarihi itibarıyla aylık %4,5​ olarak hesaplanmaktadır.","https://www.turkcell.com.tr/destek/hattiniz/faturali/kullanim-detaylarima-nasil-ulasabilirim"
"Faturam adresime ulaşmıyor ne yapmalıyım?","Faturanızın adresinize ulaşmaması, fatura adresinizin eksik ya da hatalı olmasından veya postada yaşanan sorunlar​dan kaynaklanıyor olabilir. Size e-faturaya geçmenizi öneririz; böylec​e her ay faturanızı e-posta adresinize ücretsiz olarak göndeririz.​E-faturaya geçmek için Turkcell.com.tr anasayfasından hesabınıza giriş yapın. Ana menüden en altta bulunan ""İşlem Merkezi"" bölümüne tıklayın. Açılan sayfada, sol menüde yer alan ""Faturalarım"" seçeneğine tıklayın. Sol menüde faturalarınızla ilgili seçenekler açılır. Buradan ""Fatura Ayarları""na tıklayın. Açılan sayfada ""Fatura Gönderim Yöntemi"" başlığı altında E-fatura seçeneğini işaretleyin. Hemen alt tarafta bulunan alana e-posta adresinizi girin. Son olarak ""E-fatura'ya Geç"" butonuna tıkladığınızda, faturalarınızı belirttiğiniz e-posta adresinizden alabilirsiniz.E-faturaya geçmek için tıklayın​.","https://www.turkcell.com.tr/destek/hattiniz/faturali/gecikme-faizi-orani-nedir"
"Faturamı nasıl taksitlendirebilirim?","5327575555'yi arayarak faturanızı taksitlendirme işlemi için başvuruda bulunabilirsiniz. Taksitlendirme işlemi için müşteri temsilcimiz kriterlerinizi kontrol edip​ uygunsa faizsiz olarak faturanızı taksitlendirecektir.​​5327575555 numarasına ait bir kısa mesaj servisi bulunmamaktadır, bu numaraya gönderilen SMS’ler tarifenizden ücretlendirilmektedir.","https://www.turkcell.com.tr/destek/hattiniz/faturali/faturam-adresime-ulasmiyor-ne-yapmaliyim"
"Hattım fatura borcu nedeniyle kapanırsa, yeniden kapama/açma için bir ücret öder miyim?","​​​Hat kapama-açma işlemi ücreti, hattın borç sebebiyle kapanması ve devamındaki süreçlerde oluşan maliyetler sebebiyle doğup, açma anından sonraki ilk faturaya vergiler dahil 162,97 TL yansıtılır.​ Bir takvim yılı içindeki ilk kapama işlemi ve devamındaki maliyetler sebebiyle doğan ücret faturaya yansıtılmaz.​​​","https://www.turkcell.com.tr/destek/hattiniz/faturali/faturami-taksitlendirmeyi-nasil-yapabilirim"
"Hattımı geçici olarak giden ve gelen/giden iletişime nasıl kapatabilirim?","​​Hattınızı 3 ay süreyle sınırlı olmak üzere, hat başına 162,97 TL ücretli olarak giden ve gelen/giden iletişime kapatmak için, İşlem Merkezi'ne giriş yaparak Ayarlar altında Hat Ayarlarım seçeneğinden işlem yapabilirsiniz.07.08.2024 tarihi itibariyle M2M hat tipleri için uygulanan ücret vergiler dahil hat başına 32,9 TL’dir.Giden veya gelen/giden iletişime kapalı hatlarınızı sadece yılda bir kere ( her sene yenilecek şekilde) 7 gün içerisinde hat açılırsa 1 defaya mahsus yapılan açma-kapamalardan ücret alınmaz. 7 günü geçerse ücret yansıyacaktır.​","https://www.turkcell.com.tr/destek/hattiniz/faturali/hattim-fatura-borcu-nedeniyle-kapanirsa-yeniden-actirmak-icin-bir-ucret-oder-miyim"
"Nasıl Paket/TL yükleyebilirim?","​Turkcell.com.tr anasayfasında sağ üst bölümde yer alan Hızlı işlemler menüsündeki ""Paket/TL ​Yükle"" alanından kredi kartı/banka kartı ve ön ödemeli kartlar ile istediğiniz Turkcell numarasına TL veya paket yükley​​​eb​ilirsiniz.Hemen TL ve paket yüklemek için tıklayın.Turkcell Uygulamasındaki Paketler sekmesinden dilediğiniz paketi veya TL kartını istediğiniz Turkcell numarasına kredi kartı/banka kartı ve ön ödemeli kartlar​ aracılığıyla kolaylık ve güvenle ile yükleyebilirsiniz.Turkcell hatlı telefonunuzdan sadece 532'yi tuşlayarak, kredi kartınız aracılığıyla ister sesli yanıt sisteminden isterseniz canlı müşteri temsilcisiyle görüşerek de ​TL yükleme işlemlerinizi kolayca yapabilirsiniz.En yakın Turkcell Mağazasına uğrayarak da paket veya TL yükleyebilirsiniz.​","https://www.turkcell.com.tr/destek/hattiniz/faturali/hattimi-gecici-olarak-giden-ve-gelengiden-iletisime-nasil-kapatabilirim"
"Ücretlendirme Periyodu","Faturasız paket, kampanya ve tarifelerde yurt içi ve yurt dışı data ücretlendirme periyodu 1 KB, konuşma ücretlendirme periyodu 60 sn’dir.​","https://www.turkcell.com.tr/destek/hattiniz/hazirkart/nasil-tl-yukleyebilirim"
"En son hangi tarihe kadar TL yüklersem, hattımı kullanmaya devam edebilirim?","Yeni Tesis, MNT, Ödeme Tipi Değişikliği, PI Geriverme, Geriverme ile Turkcell Faturasız Hat satın almış müşterilerimiz içinhattın ilk aktivasyonunda60 gün boyunca telefonunuzdan arama yapabilir, aranabilir ve tüm faturasız hat hizmetlerinden faydalanabilirsiniz. Bu 60 gün süresince 10TL ve üzeri TL, paket yüklemez veya 10 TL ve üzeri TL Transfer almazsanız, 95 Günlük “Yarı Aktif Dönem” başlar. Bu dönem boyunca arayanlar size ulaşabilir, ancak siz hattınızda TL olsa dahi arama yapamaz, sms atamaz, data kullanımı yapamazsınız. Hattınızın yarı aktif olduğu dönem sonuna kadar TL yüklemezseniz, Hazır Kart numaranız iptal edilir ve hattınız tekrar kullanılamaz​. Ocak’25-Temmuz’25 ayları arasında aktive edilmiş hatlar, aktivasyondan sonra 60 gün süresince 10TL ve üzeri TL, paket yüklemez veya 10 TL ve üzeri TL Transfer almaz ise, yarı aktiflik dönemi başlar. Bu dönem ilgili yılın Aralık ayında bitecek şekilde uygulanır. Aralık ayına kadar TL yüklenmemesi durumunda, Aralık ayının son haftasında numara iptal edilir ve tekrar kullanılamaz.Turkcell Faturasız Hattınızısatın aldıktan sonra10 TL ve üzeri TL, paket yüklediğiniz andan veya 10 TL ve üzeri TL Transfer aldığınız tarihten itibaren hattınız ile 185 gün boyunca telefonunuzdan arama yapabilir, aranabilir ve tüm Hazır Kart hizmetlerinden yararlanabilirsiniz. Bu 185 gün süresince tekrar 10TL ve üzeri TL, paket yüklemez veya 10 TL ve üzeri TL Transfer almazsanız, 180 Günlük “Yarı Aktif Dönem” başlar. Bu dönem boyunca arayanlar size ulaşabilir, ancak siz hattınızda TL olsa dahi arama yapamaz, sms atamaz, data kullanımı yapamazsınız. Kullanıma devam edebilmek için her 185 günde bir en az 10 TL, paket yüklemeniz ya da hattınıza en az 10 TL Transfer almanız gerekir.​ Hattınızın yarı aktif olduğu dönem sonuna kadar tekrar TL yüklemezseniz, Hazır Kart numaranız iptal edilir ve hattınız tekrar kullanılamaz​.Bunun yanında, her yılın 1 Ocak - 29 Mart arasındason yüklemesini yapmış aboneler185 gün boyunca arama yapabilir, aranabilir ve tüm Hazır Kart hizmetlerinden yararlanabilir. Bu 185 gün süresince tekrar TL yüklenmezse  “Yarı Aktif Dönem” başlar. Yarı aktif dönemde arayanlar size ulaşabilir, ancak siz hattınızda TL olsa dahi arama yapamaz, sms atamaz data kullanımı yapamazsınız. Hattınızın yarı aktif olduğu dönem içerisinde​ tekrar TL yüklemezseniz ya da hattınıza en az 10 TL Transfer almazsanız ilgili yılın Aralık ayının son haftasında hattınız iptal edilir ve hattınız tekrar kullanılamaz​.Aşağıdaki koşulları sağlamanız durumunda yarı aktif döneminiz 30 gün daha uzatılır:Yarı aktif dönem sonunda, eğer hediye edilen bakiyelerin tamamını harcadı iseniz ve 0 TL üzerinde bakiyeniz var ise yarı aktif döneminiz 30 gün daha uzatılır. İlgili dönem Telsiz kullanım ücreti bakiyenizden tahsil edilir. Hattı aktive ettikten sonra hiç yükleme yapmamış aboneler bu kurala dahil edilmez. Ancak bakiyenizi kullanmaya devam edebilmek için 10 TL ve üzeri TL, paket yüklemeniz veya 10 TL ve üzeri Kredi Transferi almanız gerekmektedir. Uzatma işlemi aynı yıl içerisinde kalacak şekilde yapılmaktadır. Yükleme yapılmadığı durumda hatlar yıl sonunda kapatılır.Yarı aktif dönem sonunda kapanmadan önceki ay herhangi bir yurt içi çağrı ya da yurtdışından çağrı almanız durumunda yarı aktif döneminiz 30 gün uzatılır. Hattı aktive ettikten sonra hiç yükleme yapmamış aboneler bu kurala dahil edilmez. Uzatma işlemi aynı yıl içerisinde kalacak şekilde yapılmaktadır. Yükleme yapılmadığı durumda hatlar yıl sonunda kapatılır.​Yarı aktif dönem sonunda kapanmadan önceki ay hattınızın sinyal alması durumunda durumunda yarı aktif döneminiz 30 gün uzatılır. Hattı aktive ettikten sonra hiç yükleme yapmamış aboneler bu kurala dahil edilmez. Uzatma işlemi aynı yıl içerisinde kalacak şekilde yapılmaktadır. Yükleme yapılmadığı durumda hatlar yıl sonunda kapatılır.​","https://www.turkcell.com.tr/destek/hattiniz/hazirkart/ucretlendirme-periyodu"
"Hattımı kullanmaya devam edebilmek için TL yüklemem gereken zamanı nasıl öğrenebilirim?","Turkcell Uygulamasında ""Hesabım"" sekmesinde yer alan ""TL Durumum"" alanından,Turkcell.com.tr sağ üst bölümde yer alan ""Giriş"" butonuna tıklayıp açılan ekranda Turkcell şifrenizle giriş yaparak açılan ""Tüm İşlem Merkezi"" sayfasında sol tarafta bulunan ""TL İş​lemlerim"" bölümünden,Telefonunuzda​ *166*5# yazıp arama tuşuna basarak da kullanım dönemlerinizi öğrenebilirsiniz.​Kullanım dönemlerinizi sorgulamak için tıklayınız.​","https://www.turkcell.com.tr/destek/hattiniz/hazirkart/en-son-hangi-tarihe-kadar-tl-yuklersem-hatttimi-kullanmaya-devam-edebilirim"
"Hattımda kaç TL kaldığını nasıl sorgulayabilirim?","Turkcell Uygulamasında ""Hesabım"" sekmesinde yer alan ""TL Durumum"" alanından,Turkcell.com.tr sağ üst bölümde yer alan ""Giriş"" butonuna tıklayıp açılan ekranda Turkcell şifrenizle giriş yapılarak açılan ""Tüm İşlem Merkezi"" sayfasında sol tarafta bulunan ""Hat Özetim"" bölümünden,Telefonunuzdan *123# tuşlayıp arama tuşuna basarak öğrenebilirsiniz. ​​Hattınızdaki TL miktarını hemen öğrenmek için tıklayınız.​​","https://www.turkcell.com.tr/destek/hattiniz/hazirkart/hattimi-kullanmaya-devam-edebilmek-icin-tl-yuklemem-gereken-zamani-nasil-ogrenebilirim"
"Hattımdan TL düştü, TL hareketlerimi nereden öğrenebilirim?","Turkcell Uygulamasında ""Hesabım"" sekmesinde yer alan ""TL Durumum"" alanındaki ""Detay"" butonundan,Turkcell.com.tr sağ üst bölümde yer alan ""Giriş"" butonuna tıklayıp açılan ekranda Turkcell şifrenizle giriş yapılarak açılan ""Tüm İşlem Merkezi"" sayfasında sol tarafta bulunan ""İşlem Merkezi"" bölümünden TL hareketlerinizi ve üyeliğiniz bulunan servisleri öğrenebilirsiniz. TL hareketlerinizi öğrenmek içintıklayınız.​​","https://www.turkcell.com.tr/destek/hattiniz/hazirkart/hattimda-kac-tl-kaldigini-nasil-sorgulayabilirim"
"Yanlış hatta TL yükledim iptal edebilir miyiz?","532 Turkcell Müşteri Hizmetlerini arayarak veya Turkcell Mağazaları'ne giderek de işlem yaptırabilirsiniz. ​","https://www.turkcell.com.tr/destek/hattiniz/hazirkart/telsiz-kullanim-ucreti"
"AvansTL nedir? Nasıl abone olurum?","AvansTL size eksi bakiyeye düşme hakkı tanıyan bir hizmettir. Detaylar içintıklayın​ız.​","https://www.turkcell.com.tr/destek/hattiniz/hazirkart/hattimdan-tl-dustu-tl-hareketlerimi-nereden-ogrenebilirim"
"Hazır Kart'lı hattım için geçmişe dönük konuşma detayı alabilir miyim?","Turkcell Uygulamasında ""Hesabım"" sekmesinde yer alan ""TL Durumum"" alanındaki ""Detay"" butonundan,Turkcell.com.tr sağ üst bölümde yer alan ""Giriş"" butonuna tıklayıp açılan ekranda Turkcell şifrenizle giriş yapılarak açılan ""Tüm İşlem Merkezi"" sayfasında sol tarafta bulunan ""TL İşlemlerim"" , ""Kullanım Detayı"" adımından son 3 aylık kullanım detayınızı öğrenebilirsiniz.​Konuşma detayınızı incelemek için tıklayınız​","https://www.turkcell.com.tr/destek/hattiniz/hazirkart/yanlis-hatta-tl-yukledim-iptal-edebilir-miyiz"
"TL Transfer nedir?","TL Transfer, Turkcell hattınız ile Hazır Kart kullanıcılarına TL transferi yapmanızı sağlayan hizmettir.Faturalı hat kullanıcısı iseniz transfer ettiğiniz miktar faturanıza yansıtılır, Hazır Kart kullanıcısı iseniz mevcut bakiyenizden düşülür.Turkcell.com.tr sağ üst bölümde yer alan ""Giriş"" butonuna tıklayarak açılan ekranda Turkcell şifrenizle giriş yaptıktan sonra en altta bulunan ""İşlem Merkezi"" menüsüne girip açılan sayfada sol tarafta bulunan ""TL İşlemlerim"" ve ""TL Transfer"" den istediğiniz numaraya TL transfer edebilirsiniz.Ayrıca cep telefonunuzun kısa mesaj alanına transfer yapacağınız numarayı başına sıfır koymadan yazıp boşluk bıraktıktan sonra rakamla transfer etmek istediğiniz miktarı ekleyerek 2200'a kısa mesaj göndererek de yapabilirsiniz. (Örnek: 5XXXXXXXXX 25)TL Transfer ile gönderdiğiniz TL miktarına bağlı olarak ücret ödersiniz, detaylı bilgi içintıklayınız.​​​","https://www.turkcell.com.tr/destek/hattiniz/hazirkart/avanstl-nedir-nasil-abone-olurum"
"Kendi adıma kayıtlı hattı bir başkasına devretmek istiyorum, ne yapmam lazım?","​Hattınızı devralacak kişiyle birlikte Turkcell Mağazaları'ne gitmeniz yeterlidir. Sizden sadece kimliğiniz, hattı üzerine devir alacak müşterimizden ise yeni tesis esnasında alınan abonelik evrakları istenir.Ekim 2023 itibari ile Türkiye’de sadece Turkcell de Lokasyon bağımsız devir işlemi yapabilirsiniz. Lokasyon Bağımsız ESNEK DEVİR işlemi için; devir eden ve devir alan müşterilerimizin aynı anda aynı yerde bulunma zorunluluğu kaldırılmıştır. Devir eden müşterimiz ilgili lokasyonda bulunana Mağaza üzerinden başvurusunu tamamladıktan sonra, 4 gün içinde devir alan müşterimiz bulunduğu lokasyondaki Mağazamıza başvurarak devir işlemini tamamlayabilir.Devir alacak müşterimiz için gereken evraklar:Nüfus Cüzdanı (kimlik alternatifleri için tıklayın)​Hat faturasız ise ve devir alacak kişi hattı faturalı olarak kullanmak istiyorsa yanında kendi adına kayıtlı son iki aydan birine ait sabit bir fatura da bulundurmalıdır.​","https://www.turkcell.com.tr/destek/hattiniz/hazirkart/hazirkartli-hattim-icin-gecmise-donuk-konusma-detayi-alabilir-miyim"
"Esnek Devir :","Lokasyon Bağımsız ESNEK DEVİR işlemi için; devir eden ve devir alan müşterilerimizin aynı anda aynı yerde bulunma zorunluluğu kaldırılmıştır. Devir eden müşterimiz ilgili lokasyonda bulunan Mağaza üzerinden başvurusunu yaptıktan sonra Devir alan müşterimiz de bekleyen işlemini kendine en yakın mağazadan  tamamladıktan sonra işlem hemen tamamlanır.Ekim 2023 itibari ile Türkiye’de sadece Turkcell’de Lokasyon Bağımsız devir işlemini yapabilirsiniz.NOT:Bu işlemi tamamlamak için 4 gün içinde devir alan müşterimiz bulunduğu lokasyondaki Mağazamıza başvurabilir.17.12.24 itibarı ile Esnek Devir ile hattını devir etmek isteyen Bireysel Mobil müşterilerimiz hatlarının devir etme talebini Turkcell Uygulama üzerinden yapabileceklerdir. İşlem sadece TCKK Yeni Kimliği olan müşterilerimiz tarafından kullanılabilmektedir. Turkcell Bireyselden Bireysel'e ve Bireysel'den Kurumsal'a devir etme taleplerini verebilirler.​​Devir etme talebi iletildikten sonra Devir işleminin tamamlanabilmesi için Devir Alma işlemi Turkcell Mağazalarından yapılabilmektedir. Devir alma işlemi 96 saat içinde tamamlanmalıdır.Devir İşlem Adımları aşağıdaki gibidir;Devreden müşteri “Esnek Devir” için, lokasyonuna en yakın Mağaza’dan ön başvuru yapar.Devreden müşteriden kimliği ile beraber “Devir Beyan Devreden Formu” alınır.Devreden müşteri başvurusu sisteme girildikten sonra “sipariş no” yaratılır. Ve devir işlemi beklemeye alınır. ( Devir alan başvurusu yapılması beklenir.)Devralan müşteriye sipariş no bilgisi SMS ile gönderilir.Devralan müşteri kendi lokasyonuna en yakın Mağaza’ya 96 saat içinde başvurur.Devralan müşteri başvurusu sisteme sipariş no veya devir olan GSM no ile girilerek beklemede olan devir işlemi tamamlanır.Devralan müşteriden kimliği ile beraber “ Devir Beyan Devralan Formu” alınır.Sisteme evraklar yüklendikten sonra devir işlemi tamamlanır.*15-18 yaş arası müşterinin yapacağı işlemde vasinin yanında bulunması ve vasinin belgelerinin sisteme yüklenmesi gerekmektedir.İşlem Yapılan Kanallar;Bireysel müşteriler:  Turkcell Mağazadan yapılabilir.Kurumsal müşteriler: Kurumsal Çözüm Merkezleri'nden, Turkcell İletişim Merkezlerinden yapabilir ya da satış yöneticileri ile görüşebilir.​​","https://www.turkcell.com.tr/destek/hattiniz/hazirkart/kreditransfer-nedir"
"Esnek devir hangi devir yönleri için geçerlidir?","Bireyselden bireyseleBireyselden kurumsalaKurumsaldan bireyseleKurumsaldan kurumsala​","https://www.turkcell.com.tr/destek/hattiniz/abonelik-islemleri/kendi-adima-kayitli-hatti-bir-baskasina-devretmek-istiyorum-ne-yapmam-lazim"
"Esnek devir işlemi ne kadar süre içinde tamamlanır?","Devir eden müşteri ön başvuruyu yaparak gerekli belge onaylarını tamamlamasının ardından 4 Gün içinde devir alacak müşteri bireysel için Turkcell Mağazalarından gerekli belge onaylarını tamamlaması gerekmektedir. Ön başvuru sonrası belirlenen süre içinde devir alan müşteri onayı tamamlanmayan işlemler sistemde iptal edilir.​​","https://www.turkcell.com.tr/destek/hattiniz/abonelik-islemleri/esnek-devir"
"Esnek devir 15-18 yaş arası müşterilerde kullanılabilir mi?","15-18 yaş arası müşterinin yapacağı işlemde vasinin yanında bulunması ve vasinin belgelerinin sisteme yüklenmesi gerekmektedir.​​","https://www.turkcell.com.tr/destek/hattiniz/abonelik-islemleri/esnek-devir-hangi-devir-yonleri-icin-gecerlidir"
"Esnek Devir’de devralan 4 gün içinde başvuru yapmazsa ve iptal olursa devredenin mevcut evraklarıyla ön başvuru yapılabilir mi?","​Hayır, devreden müşteriden tekrar başvuru evrakları alınmalıdır. ​​","https://www.turkcell.com.tr/destek/hattiniz/abonelik-islemleri/esnek-devir-islemi-ne-kadar-sure-icinde-tamamlanir"
"Devir için hangi vergi ve ücretler ödenir?","​​Faturalı hattı devralan kişi devir için başvurduğu ve Devir Beyan Formu'nu imzaladığı tarih itibarıyla henüz faturaya dönüşmemiş haberleşme hizmetlerine ilişkin ücretleri, abonelik ve ek hizmetlere ilişkin ücretleri (roaming, kampanya erken iptal ücretleri, gecikme faizi bedelleri vb.) ve bu işlemlerden doğan tüm devir masraflarını (Yeni Tesis Özel İletişim Vergisi, TGM ruhsat ücreti, TGM kullanım ücreti) devralmış olur. Devir aldığı hatla ilgili olarak yeni abonelik işlemleri yapılacak olup, ilk abonelikte tahakkuk eden vergiler ve devir ücreti devir alan abonenin ilk faturasına yansır. Devir başvuru tarihi itibarıyla faturalandırılmış borçlar ise, devreden kişinin ödeme sorumluluğundadır. Devir işleminin gerçekleşebilmesi için devreden kişinin bu tutarı ödemesi gerekmektedir. Faturasız hatlarda sadece devir masrafları devir alan tarafından ödenir (Yeni Tesis Özel İletişim Vergisi, TGM ruhsat ücreti, TGM kullanım ücreti) Şahıstan şahıs şirketine ve şahıs şirketinden şahısa geçişlerde, hat sahibinin TCKN bilgisinin aynı olması durumunda vergiler ve hat devir ücreti yansıtılmaz.​18 Nisan 2025 azami ücret tarifesine göre devir ücreti 70,01 TL'dir. Yukarıda yer alan tarifelere %20 oranında Katma Değer Vergisi (KDV) ve %10 oranında Özel İletişim Vergisi (ÖİV) dâhildir.​","https://www.turkcell.com.tr/destek/hattiniz/abonelik-islemleri/esnek-devir-15-18-yas-arasi-musterilerde-kullanilabilir-mi"
"Kimlik alternatifleri nelerdir?","​​​​Nüfus Cüzdanı/ Çipli Kimlik KartıSürücü BelgesiPasaportUçak Mürettebatı Belgesi, Gemi Komutanı Onaylı Personel ListesiGemi Adamı Cüzdanı, Nato Kimlik BelgesiUluslararası Aile CüzdanıAvukatlık BelgesiMavi KartKKTC KimliğiHakim /Savcı Mesleki Kimlik KartıYabancı Misyon Personeli Kimlik KartıEğer vekil tayin edilmiş ise noter tasdikli vekâletname ve vekilin kimliği","https://www.turkcell.com.tr/destek/hattiniz/abonelik-islemleri/esnek-devir-devralan-4-gun-icinde-basvuru-yapmazsa-ve-iptal-olursa-devredenin-mevcut-evraklariyla-on-basvuru-yapilabilir-mi"
"İptal ettirdiğim hattımı nasıl geri alabilirim?","​Hattınızı iptal ettirdiğiniz tarih itibarıyla bir yıl boyunca, adınıza kayıtlı hattınızı numaranız aynı kalarak geri alabilirsiniz. Bir yıl sonunda alınmayan hatlar tekrar satışa sunulur. Hattınızı geri almak için kimliğiniz ve hattınızı faturalı kullanmak istiyorsanız adınıza kayıtlı bir fatura ile Turkcell Mağazaları'​nı ziyaret edebilirsiniz.​","https://www.turkcell.com.tr/destek/hattiniz/abonelik-islemleri/devir-icin-hangi-vergiler-ve-ucretler-odenir"
"Kullandığım hattın yasal sahibi vefat etti; hattı üzerime nasıl alabilirim?","Veraseten devir işlemleri için evraklarla birlikte Turkcell Mağazalarına gerekli evraklar ile başvurmak gerekmektedir.Gerekli evrakların listesi aşağıdaki gibidir:Veraset ilamı (mirasçılık belgesi)Kimlik​","https://www.turkcell.com.tr/destek/hattiniz/abonelik-islemleri/kimlik-alternatifleri-nelerdir"
"ZDS’de indirim uygulanır mı? Nasıl yararlanabilirim?","​​Vade bitişinden itibaren 30 gün içinde yenilenen poliçelere %20 oranında indirim uygulanır.​","https://www.turkcell.com.tr/destek/hattiniz/abonelik-islemleri/iptal-ettirdigim-hattimi-nasil-geri-alabilirim"
"Fatura alternatifleri nelerdir?","​​1.Turkcell'de adınıza kayıtlı başka bir faturalı hattınız varsa o hattın numarasını verebilirsiniz.Bu hattınızın 6 aydan eski olması ve görüşmelere kapalı durumda olmaması gerekmektedir.2. FATURA:Son iki aydan birine ait kendinizin/annenizin/babanızın/eşinizin isim ve adres bilgisi bulunan; elektrik, su ( Bazı belediyelerin verdiği faturada hem ev sahibi hem de kiracı var bu faturalar da kabul edilmektedir), kablolu tv, doğalgaz, sabit telefon, ADSL, Smile Adsl, Milenicom Faturası, diğer operatör faturası, Tellcom Fatura, TT Net Fatura , Türksat Faturası, Turkcell faturası, Digitürk faturası, Koç.net faturası, D-smart Faturası, belli illerde son üç aylık fatura kabul edilebilmektedir; Bu iller : Malatya, Maraş, Çanakkale, Aydın, Tekirdağ, Şanlıurfa, Van, Mardin, Mersin, Burdur’dur.E-FATURA:• Üzerinde ilgili kurumun “Aslı gibidir” kaşesi bulunan, sizin kendinizin print edip getirdiği e-faturalar (Fatura son iki aydan birine ait olmalı; isim ve adres bilgileri yer almalıdır).• Üzerinde Teknoloji Uzmanı veya İletişim Danışmanı’nın kaşesi bulunmak kaydıyla müşterinin Turkcell Mağazası içerisinde internetten print ettirdiği E-fatura (Fatura son iki aydan birine ait olmalı; isim ve adres bilgileri yer almalıdır).• Maliye bakanlığı onaylı 6 kurumun internetten yolladığı E-faturalar. Bu kurumlar: Turkcell - Vodafone – Avea - TT Net – TürkTelekom – Bursagaz. (Bu kurumların fatura çıktılarının Turkcell Mağazalarında İletişim Danışmanı veya Teknoloji Uzmanı tarafından alınması kaşelenmesi gerekmektedir).KREDİ KARTI EKSTRESİ:Son iki aydan birine ait, kendinizin/annenizin/babanızın/eşinizin isim ve adres bilgilerinin yer aldığı tüm banka ve finans kuruluşlarının VISA ya da MASTERCARD kredi kartı veya taksit card ekstresi.İnternetten müşterinin dışardan kendi print edip getirdiği Kredi Kartı Extreleri:Üzerinde ilgili bankaya ait bir şubeden “Aslı gibidir” kaşesi veya bankaya ait kaşe vurulması gerekmektedir.(Turkcell Mağazalarda ayrıca Teknoloji Uzmanı kaşesine gerek yoktur) (Müşteriden anne-baba veya eşinin adına fatura alındığında bu kişiye ait kimlik ve sabit faturası kullanılan kişiden ilgili faturanın kullanılması konusunda haberi olduğunu ve bir sakınca olmadığını ifade eden form alınmalıdır. Eş faturasında kimliğe ek olarak evlilik cüzdanı da alınmalıdı. Evlilik cüzdanı yerine son 6 ay içinde nüfus kayıt örneğide kabul edilmektedir.)Önemli Bilgi:Anne-baba veya eşinizin adına fatura verdiğinizde bu kişiye ait kimlik ve sabit faturası kullanılan kişiden ilgili faturanın kullanılması konusunda haberi olduğunu ve bir sakınca olmadığını ifade eden form alınacaktır. Eşinizin faturası kullanıldığında eşinizin kimliğine ek olarak evlilik cüzdanı da alıktadır. Evlilik cüzdanı yerine son 6 ay içinde nüfus kayıt örneğide kabul edilmektedirÜzerinde İletişim Danışmanı’nın kaşesi bulunmak kaydıyla son iki aydan birine ait, isim ve adres bilgilerinin yer aldığı; Turkcell Mağazalarında İletişim Danışmanı yardımıyla internetten müşterinin print ettiği veya telefon bankacılığından faks ile talep edilen KK Extreleri.3. BANKADAN VERİLEN BELGE:Son iki aydan birine ait olmak koşuluyla bankalardan alınmış belgelerin sabit fatura alternatifi olarak kullanılabilmesi için evrakların üzerinde mutlaka, abone isim, Soyisim, açık adresi ve bankanın aslı gibidir kaşesi olması gerekmektedir. (Dekontlarda, belgelerde evrağın geçerli sayılması için hat sahibi ile dekottaki hesap sahibi aynı kişi olmalıdır, örneğin havale dekontlarında evrağın geçerli olması için havaleyi gönderen kişi hat sahibi olabilir, dekonttaki alıcı kişi bu evrağı sabit fatura alternatifi olarak kullanamaz. Banka dekontunda adres iki yerde yazmaktadır. Biri açıklama alanı diğeri müşteri bilgilerinin bulunduğu alan. Açıklama alanında yazan adres beyana bağlı olduğundan kabul edilmemekte ama müşteri bilgileri kısmında adres bilgisi bulunan dekontlar müşterinin bankada hesabına bağlı adresini gösterdiğinden kabul edilmektedir.Örnek Belgeler: Mail ortamında gönderilmiş olan ya da internet bankacılığı sisteminden print alınan, banka tarafından “Aslı gibidir” kaşesi olan belgeler . Bankada otomatik ödeme talimatı olan faturalar için banka tarafından gönderilen ve banka tarafından “Aslı gibidir” kaşesi olmak koşuluyla Fatura Ödemeleri İşlem Bildirim Listesi.Önemli Bilgi:Anne-baba veya eşinizin adına fatura verdiğinizde bu kişiye ait kimlik ve sabit faturası kullanılan kişiden ilgili faturanın kullanılması konusunda haberi olduğunu ve bir sakınca olmadığını ifade eden form alınacaktır. Eşinizin faturası kullanıldığında eşinizin kimliğine ek olarak evlilik cüzdanı da alıktadır. Evlilik cüzdanı yerine son 6 ay içinde nüfus kayıt örneğide kabul edilmektedir.4. ABONMAN SÖZLEŞMELERİ:Son iki aydan birine ait, kendinizin/annenizin/babanızın/eşinizin isim ve adres bilgilerinin yer aldığı; elektrik, su, doğalgaz , kablolu TV abonman sözleşmesi. Sadece üyelik için yeni başvurmuş ve henüz faturası çıkmamış olan abonelerden alınır. (Sabit Telefon abonman sözleşmesi artık kabul edilmemektedir).Önemli Bilgi:Anne-baba veya eşinizin adına fatura verdiğinizde bu kişiye ait kimlik ve sabit faturası kullanılan kişiden ilgili faturanın kullanılması konusunda haberi olduğunu ve bir sakınca olmadığını ifade eden form alınacaktır. Eşinizin faturası kullanıldığında eşinizin kimliğine ek olarak evlilik cüzdanı da alıktadır. Evlilik cüzdanı yerine son 6 ay içinde nüfus kayıt örneğide kabul edilmektedir.5.Bazı şirketler için geçerli olmak koşuluyla şirkette görev yaptığına dair şirket antetli, kaşeli yazı veya kurum kimlik kartıda kabul edilmektedir.6. ARAÇ RUHSATI, MOTOSİKLET RUHSATI:Sabit Fatura olarak kabul ettiğimiz araç ruhsatları: Otomobil, Kamyon, Kamyonet, Tır, Minibüs, Otobüs, Traktör( Üzerinde TCKN ve adres bilgilerini içeren ruhsatlar geçerlidir)’dür. Biçerdöver, Romörk ruhsatları kabul edilmemektedir.7. KURUM ÖDENDİ MAKBUZU:Son iki aydan birine ait, kendinizin/annenizin/babanızın/eşinizin isim, adres ve tesisat bilgilerinin yer aldığı fatura ya da faturanın ilgili kurumun veznesinden ödendiğini belirten kurum ödendi makbuzu (Bankaya yapılan ödemelerde banka dekontunun kabul edilebilmesi için evrakların üzerinde mutlaka abone isim, soyisim, açık adresi ve bankanın “Aslı gibidir” kaşesi olması gerekmektedir).Banka dekontunda adres iki yerde yazmaktadır. Biri açıklama alanı diğeri müşteri bilgilerinin bulunduğu alan. Açıklama alanında yazan adres beyana bağlı olduğundan kabul edilmemekte ama müşteri bilgileri kısmında adres bilgisi bulunan dekontlar müşterinin bankada hesabına bağlı adresini gösterdiğinden kabul edilmektedir.Önemli Bilgi:Anne-baba veya eşinizin adına fatura verdiğinizde bu kişiye ait kimlik ve sabit faturası kullanılan kişiden ilgili faturanın kullanılması konusunda haberi olduğunu ve bir sakınca olmadığını ifade eden form alınacaktır. Eşinizin faturası kullanıldığında eşinizin kimliğine ek olarak evlilik cüzdanı da alıktadır. Evlilik cüzdanı yerine son 6 ay içinde nüfus kayıt örneğide kabul edilmektedir.8. KURUM KİMLİK BELGESİ:Silahlı Kuvvetler mensupları kurum kimlik kartı veya belgesi; kamu kurum ve kuruluşları mensupları kurum kimlik kartı veya belgesi; serbest çalışanlar için serbest meslekte bağlı olduğu oda, birlik, baro vb. yerlerden alınan kimlik veya yazılı belge; Emekli Sandığı, SSK ve Bağkur personeli ise kurum kimlik fotokopisi; İz Enerji Kimlik kartı, TSK Emeklilik Kartı. Emekli Sandığı, SSK ve Bağkur sağlık karnesinin ön sayfasının fotokopisi Kabul edilmemektedir.9. ÇİFTÇİ BELGESİ:Ziraat Bankasına devlet tarafından yatan destekleri açıklamasında gösterir dekontlar (Dekont üzerinde adres mevcutsa sabit fatura yerinede geçebilir. Müşterimizin adresi yoksa sabit fatura alınmalıdır.) 2- TC Tarım ve Köy İşleri Bakanlığı, veya Ziraat Odaları tarafından verilen Çiftçi Belgesi (sabit fatura yerine de geçerlidir.10.Muhtarlıklar tarafından Nüfus il Müdürlükleri sistemine erişilerek verilen Yerleşim Yeri Belgesi (Evrağın orjinali alınmaktadır, evrağın geçerlilik süresi evrak üzerinden kontrol edilecektir. Islak imza ve kaşe yoksa evrak kabul edilmemektedir.11. KEFALETNAME:Kefaletname sadece yabancı müşteriler için alınır, Türk vatandaşlarımız için mutlaka yukarıdaki belgelerden birisi gerekmektedir. T.C. vatandaşı olan bir kefilden (veya çalıştığı şirket kefil olabilir) noter tasdikli 1.200 TL meblağlı kefaletname (kefaletname ile birlikte kefil olan şahsın kimlik ve sabit fatura fotokopileri alınacaktır.) veya banka teminat mektubu (Hangi konuyla ilgili olduğunun belirtildiği, süresiz ve 1.200 TL meblağlı).Not:Yabancı uyruklu olup mavi kartı olan müşterilerimize süresi geçerli olan oturma izin belgesi fotokopisi veya ikamet tezkeresi verilmediği için bunlar yerine sabit fatura istenmelidir.Mavi Kart alındığı durum:Doğumla Türk Vatandaşlığını kazanmış olup da İçişleri Bakanlığından Türk Vatandaşlığı’ndan çıkma izni alanlar 04.2004 tarihinde yürürlüğe giren 5203 sayılı Türk Vatandaşlığı Kanunu’nda değişiklik yapılmasına ilişkin Kanun ile tanınan hakların kullanılmasına ilişkin belgeden (Mavi Kart) yararlanabilirler ( Eski pembe kart uygulaması).​​","https://www.turkcell.com.tr/destek/hattiniz/abonelik-islemleri/kullandigim-hattin-yasal-sahibi-vefat-etti-hatti-uzerime-nasil-alabilirim"
"Numaramı nasıl değiştirebilirim?","​​​Hattınız sizin adınıza kayıtlıysa;Numaranızı değiştirmek için kimlik belgenizle bir Turkcell Mağazasına başvurmanız ya da 532 Turkcell Müşteri Hizmetleri'ni aramanız yeterlidir.Eğer hattınız başkası adına kayıtlıysa;Hattın üzerine kayıtlı olduğu kişinin vekalet belgesi ve kendi kimliğinizle bir Turkcell Mağazasına başvurduğunuzda da numaranızı değiştirebilirsiniz.umara değişikliği ücreti bireysel aboneler için KDV ve ÖİV dahil 159,75 TL’dir.​Numara değişikliği 60 günde 1 defa yapılabilir ve senede maksimum 3 defa ile sınırlıdır.​","https://www.turkcell.com.tr/destek/hattiniz/abonelik-islemleri/zdsde-indirim-uygulanir-mi-nasil-yararlanabilirim"
"Faturalı hattan Hazır Kart’a nasıl geçiş yapabilirim?","​Bireysel müşterilerimiz faturalı hattan Hazır Kart’a geçişi Turkcell Müşteri hizmetlerinden yaptırabilir.​Turkcell Bayilerinde bireysel müşterilerimiz; Faturalı hattan Hazır Kart'a geçiş başvurusu sürecinde, Hazır Kart'a geçiş öncesinde Rahat Tarife’de yer alan diledikleri pakete 30 günlük geçiş yapabilirler.30 günlük Rahat pakete geçişi sonrasında gelen SMS’e onay vermeleri durumunda Rahat Tarife’den Hazır Kart'a geçiş işlemleri başlatılır. Onay vermemeleri durumunda da Rahat Tarife’de kendilerine uygun paketten devam edebilirler.","https://www.turkcell.com.tr/destek/hattiniz/abonelik-islemleri/fatura-alternatifleri-nelerdir"
"Sim kartımı kaybettim, nasıl yeni bir sim kart alabilirim?","​​​Yedek sim kart hizmeti, faturalı ve Hazır Kart'lılar için KDV dahil 159,75​​​ TL​'dir. Kurye hizmeti ücretsiz olup 81 ilde verilmektedir.​Hattınız sizin adınıza kayıtlıysa;Kimlik belgenizle birlikte Turkcell Mağazasına başvurmanız yeterlidir. Turkcell Mağazasına başvurduğunuzda yeni sim kartınızı hemen alabilirsiniz.Turkcell Müşteri Hizmetleri'ni aradığınızda ise yedek SIM kartınızın adresinize kurye ile gönderilmesini isteyebilirsiniz. Eğer yurt dışındaysanız kargo ile sim kartınızın gönderilmesini isteyebilirsiniz.Turkcell.com.tr anasayfasında ""Hesabım"" kategorisinin üzerine gelin. Açılan giriş sayfasından Turkcell şifrenizle giriş yapın. En altta yer alan ""İşlem Merkezi"" seçeneğine tıklayın. Açılan sayfada sol tarafta bulunan menüde ""Ayarlarım"" kategorisinden ""4.5G uyumlu sim kart talebi""ne tıklayarak sim kart değişikliği yapabilirsiniz. Yeni sim kartınız size kurye ile ulaştırılacaktır.Turkcell Uygulaması  ana sayfasından “Yardım” menüsüne gelin, “Talep İlet” seçeneğine tıklatın. Turkcell Uygulaması’e giriş yaptığınız hat için talepte bulunmak isterseniz “Mevcut Hat için Simkart Talebi”ne, farklı hattınız için talepte bulunmak isterseniz “Farklı Hat için Simkart Talebi”ne tıklayarak sim kart değişikliği yapabilirsiniz. Yeni sim kartınız size kurye ile ulaştırılacaktır.Turkcell Uygulaması üzerinden işlemler sayfasından “SIM Kart değişikliği” seçeneğine tıklatın. Uygulama üzerinden ister Fiziksel SIM Kart isterseniz E-SIM ile SIM Kart Değişikliğinizi hızlıca adımları izleyerek kolaylıkla yapabilirsiniz.​Eğer hattınız başkası adına kayıtlıysa;Hattın üzerine kayıtlı olduğu kişinin vekalet belgesi ve kendi kimliğinizle bir Turkcell Mağazasına başvurduğunuzda da yeni sim kartınızı alabilirsiniz.Hazır Kart kullanıyorsanız kalan TL bakiyenizi de yedek sim kartınızı aldığınızda kullanmaya devam edebilirsiniz.","https://www.turkcell.com.tr/destek/hattiniz/abonelik-islemleri/numarami-nasil-degistirebilirim"
"Ödeme tipi değişikliği ne kadar zamanda bir yapılabilir?","Ödeme Tipi Değişikliği işlemi 30 günde bir kez yapılabilmektedir.​​","https://www.turkcell.com.tr/destek/hattiniz/abonelik-islemleri/faturali-hattan-hazir-karta-nasil-gecis-yapabilirim"
"Hattımı nasıl iptal ettirebilirim?","​Turkcell İletişim Merkezlerimize gidebilir532 nolu Müşteri Hizmetlerimizi arayabilir0216 633 07 27 nolu hatta faksa kimlik görselinizi ekleyerek gönderebilirTurkcell Uygulaması üzerindeki Yardım> Evraklı Talepler > Hat İptali alanından talebinizi iletebilir​Turkcell'de kayıtlı e-posta adresinizden hatiptal@turkcell.com.tr adresine kimlik görselinizi ekleyerek ve iptal edilmesini istediği hat bilgisini yazarak iptal talebinde bulunabilirsiniz.Hat iptal başvurunuzu dilersenizAbonelik Fesih Başvurusu - e-Devlet​​ sayfasını ziyaret ederek de yapabilirsiniz.","https://www.turkcell.com.tr/destek/hattiniz/abonelik-islemleri/simkartimi-kaybettim-yeni-simkarti-nasil-alabilirim"
"Faturalı hattan Hazır Kart’a geçişte tarifem değişir mi?","​Evet, ödeme tipi değişikliği anında geçiş yapılan ödeme tipindeki tarifelerden birini seçmeniz gerekir.","https://www.turkcell.com.tr/destek/hattiniz/abonelik-islemleri/odeme-tipi-degisikligi-ne-kadar-zamanda-bir-yapilabilir"
"Faturalı hattan Hazır Kart’a geçişte ücret öder miyim?","​Hayır, bu işlem ücretsizdir.4.5G uyumlu sim kart sahibi olmayan müşterilerimiz, 18.03.2018 tarihi itibarıyla Faturalı hattan Hazır Kart'a geçerken sim kartlarını 4.5G uyumlu sim kart ile değiştirmelidir.Faturalıda'dan faturasıza geçiş sonrası; kesintisiz iletişim paketi tanımlanacak olup, paket ücreti müşterilerimizin faturasıza geçmeden önceki son faturasına yansıtılacaktır. Kesintisiz iletişim paket ile ilgili detaylı bilgi içintıklayın.","https://www.turkcell.com.tr/destek/hattiniz/abonelik-islemleri/hattimi-nasil-iptal-ettirebilirim"
"Hazır Kart'tan faturalıya geçiş işlemine özel ücret alınır mı?","​Hayır, faturalıya geçiş işlemi ücretsizdir.Avans TL Servisi kullanımından dolayı eğer eksi bakiye varsa, faturalıya geçiş işlenminde sonra çıkacak ilk faturaya borç olarak yansıtılır (16 Ekim’den itibaren faturalıya geçiş işlemi tamamlanan müşteriler için geçerlidir).17.12.2017 tarihi itibarıyla Elektronik Haberleşme Kanunu’nun 46. Maddesi uyarınca ödemekle yükümlü olunan Telsiz Kullanım Ücreti’nin faturasız hattınınızdan tahsil edilememiş kısmı faturalıya geçişi takiben, 01.02.2024 itibarı ile aylık 15 TL olarak taksitlendirilerek faturanıza yansıtılacaktır. ​4.5G uyumlu sim kart sahibi olmayan müşterilerimiz, 18.03.2018 tarihi itibarıyla Hazır Kart'tan faturalıya geçerken sim kartlarını 4.5G uyumlu sim kart ile değiştirmelidir.","https://www.turkcell.com.tr/destek/hattiniz/abonelik-islemleri/faturali-hattan-hazir-karta-geciste-tarifem-degisir-mi"
"Güvenli Dijital İmza Nedir ve Neden Güvenlidir?","Yeni Tesis ve Numara Taşıma işlemlerimizde, Güvenli Dijital İmza pilot uygulamamızı kullanmaya devam ediyoruz.Turkcell “Güvenli Dijital İmza” ile Türkiye’nin dijitalleşme odağına hizmet eden ve ülkemizde ilk defa uygulanacak olan bir teknolojiyi hayata geçirdi.Güvenli Dijital imza ile evraklı işlemlerin daha güvenli, hızlı ve kolay yapılmasının yanı sıra kâğıt tüketiminin azaltılması, doğaya katkı ve maliyetlerin düşürülmesini sağlanmaktadır.Güvenli Dijital İmza Nedir?Evraklı işlemlerin güvenli, hızlı ve kolay bir şekilde dijital olarak tamamlanması için kullanılan teknolojidir.Müşterilerimizin attığı imzalar biyometrik olarak sözleşme ile birlikte saklanır.İmzanın hız, ivme ve basınç değerleri ile birlikte zaman damgası, lokasyon bilgileri de kayıt altına alınır.Bu şekilde müşterilerimize daha güvenli, daha hızlı ve daha kolay bir deneyim yaşatmış oluyoruz.​​Güvenli Dijital İmza Neden Güvenli?Güvenli Dijital İmza ile İşlem Süreci Nasıl işler?​Hattı ile ilgili işlem yapmak isteyen müşteri Turkcell’e başvurur.Müşterinin işlemi tablet üzerinde tamamlanır, sistemsel kontroller gerçekleştirilir.Satış temsilcisi hat sahibinden kimliğini ister ve fotoğrafını çeker, mernis sorgusu ile kimliğin güncelliği otomatik kontrol edilir. Kimlik üzerindeki abone fotoğrafı da sistemlerimize kaydedilir, bu şekilde çalıntı veya taklit kimlik ile açık hat problemlerinin önüne geçilmesi hedeflenmektedir.Sözleşme tablet üzerinde açılır ve tablet aboneye çevrilir, kontrol etmesi ve imzalaması istenir.Abone, sözleşmedeki bilgileri kontrol eder ve imzasını kalem ile tablete atar.İmza biyometrik olarak kaydedilir (hız, ivme, basınç, zaman, lokasyon bilgileri kaydedilir.) İmza sözleşmeye entegre şekilde, kimlikle birlikte bir bütün olarak saklanır. İşleme ait tüm kayıtlar saklanır ve istenildiği takdirde ulaşılabilir.Abone istediği zaman turkcell.com.tr’ye kullanıcı adı ve şifresi ile login olarak Sözleşmelerim bölümünden sözleşmesini görüntüleyebilir. İmzalanan dokümanın bir kopyası talep edilirse aboneye e-posta olarak gönderilir.​Kaan Terzioğlu Türkiye’de, Güvenli Dijital İmza uygulamasını başlattı.https://medya.turkcell.com.tr/bulletins/kaan-terzioglu-turkiyede-guvenli-dijital-imza-uygulamasini-baslatti/​​","https://www.turkcell.com.tr/destek/hattiniz/abonelik-islemleri/faturali-hattan-hazir-karta-geciste-ucret-oder-miyim"
"PIN kodum bloke oldu, ne yapabilirim?","PIN kodunuzu 3 defa yanlış girmeniz halinde sim kartınız ve dolayısıyla telefonunuz geçici olarak bloke olur. Bu blokeyi kaldırmak için PUK kodunu kullanmanız gerekir. PUK kodunuzu​​ Turkcell.com.tr'de İşlem Merkezi'ne giriş yaparak öğrenebilirsiniz. ​Turkcell.com.tr anasayfasında ""Giriş"" alanından Turkcell numaranız ve şifrenizle giriş yapın. Üst menüden ""İşlem Merkezi"" seçeneğine tıklayın. Açılan sayfada sol tarafta yer alan menüden ""Ayarlarım"" seçeneğine tıklayın. Burada​ ""PUK NUMARAM"" bölümünden PUK kodlarınızı öğrenebilirsiniz.​PUK kodunuzu Turkcell şifrenizle giriş yaparak Hesabım'dan öğrenmek için tıklayın.​​​Turkcell şifrenizi hatırlamıyorsanız, T.C. Kimlik Numaranızla veya sim kart numarasıyla PUK kodunuzu öğrenebilirsiniz.T.C. Kimlik Numaranızı veya sim kart​ numarasını kullanarak PUK kodunuzu öğrenmek için tıklayın.Ayrıca, Turkcell İletişim Merkezleri ve ​532'yi arayarak da adınıza kayıtlı hatların puk numarasını öğrenebilirsiniz.","https://www.turkcell.com.tr/destek/hattiniz/abonelik-islemleri/hazir-karttan-faturaliya-gecis-islemine-ozel-ucret-alinir-mi"
"PIN / PUK kodları nedir, nasıl öğrenebilirim?","PIN 1 kodu, sim karta verilen 4 haneli şifredir. Cihazınızı her açtığınızda hattınızı kullanabilmeniz için PIN 1 kodunuzu girmeniz gerekir. Telefonunuzun bilginiz dışında başkaları tarafından kullanılmasına engel olur. Turkcell hattınız ile birlikte verilen PIN 1 kodunu dilerseniz telefon ayarlarından değiştirebilirsiniz. PIN 1 numaranızı 3 kez arka arkaya hatalı girerseniz, sim kartınız bloke olur. Blokeyi kaldırmak için PUK 1 kodunu kullanmanız gerekir.PUK 1 kodu, bloke olan sim kartınızın yeniden kullanılabilir hale gelmesini ve blokenin kaldırılmasını sağlayan özel bir şifredir. 8 haneden oluşur. PUK 1 kodu değiştirilememektedir. 10 defadan fazla yanlış girdiğiniz zaman, sim kartınız kalıcı bloke olur ve cihazınızın ekranında 'Kart Bloke' uyarısı çıkar.  Bu durumda sim kart değişikliği yapmanız gerekir.PIN 2 kodu, telefonunuzun menülerindeki bazı güvenlik ve hafıza seçeneklerini aktif hale getirmek ya da bunu iptal etmek için kullanılan 4 haneli özel bir şifredir. PIN 2 kodu, üç defadan fazla yanlış girildiği takdirde kart geçici olarak bloke olur. PUK 2 kodunu kullanarak blokeyi kaldırabilirsiniz.PUK 2, bloke olan PIN 2 kodunun yeniden kullanılır hale gelmesini sağlayan 8 haneli özel bir şifredir. Bu şifre değiştirilememektedir. PUK 2 kodu kalıcı bloke olduğu takdirde sim kartınızın ilgili bölümü kullanılamaz, ancak sim kartın diğer özellikleri aktif olarak devam eder. Bu durumda isterseniz sim​ kart değişikliği yapabilirsiniz.​​PUK ​kodlarınız turkcell.com.tr'den öğrenebilirsiniz. Bunun için öncelikle Turkcell.com.tr anasayfasından GSM numaranız ve Turkcell şifrenizle giriş yapın. Ana menüde en alttaki ""İşlem Merkezi""ne tıklayın. Açılan sayfada sol tarafta bulunan ""Ayarlarım"" kategorisinden ""PUK Numaram""a tıklayın.  ​​​PUK kodunuzu Turkcell şifrenizle giriş yaparak Turkcell Uygulaması'ndan öğrenmek için tıklayın.​Turkcell şifrenizi hatırlamıyorsanız, T.C. Kimlik Numaranızla veya sim kart numarasıyla da PUK kodunuzu öğrenebilirsiniz.T.C. Kimlik Numaranızı veya sim kart​ numarasını kullanarak PUK kodunuz​u öğrenmek için tıklayın.​Ayrıca Turkcell Mağazaları veya 532'yi arayarak da adınıza kayıtlı hatların PUK​ numarasını öğrenebilirsiniz.​","https://www.turkcell.com.tr/destek/hattiniz/abonelik-islemleri/guvenli-dijital-imza-nedir-ve-neden-guvenlidir"
"Bağlanılan numarayı göster (COLP) özelliği nedir?","​Telefonunuzdan arama yaptığınızda, aradığınız numara başka bir numaraya yönlendirme yapmışsa bu bağlanılan numarayı görmek için bu servis aktif edilmelidir. Bu servis şebekeler arasında ve sabit operatörlere doğru çalışmayabilir. Ayrıca yönlendirme yapılan kişi numarasını gizlediyse, bağlanılan numara görünmez.İşlemi 532 5320000 numaralı Müşteri Hizmetlerinden gerçekleştirebilirsiniz.Açma: Aradığım numaranın kime yönlendirildiği görünür.Kapama: Aradığım numaranın kime yönlendirildiği görünmez.","https://www.turkcell.com.tr/destek/hattiniz/sikca-sorulan-sorular/pin-puk-kodu-nedir-bunlari-bloke-edersem-ne-yapmaliyim"
"Bağlanılan numarayı gösterme (COLR) özelliği nedir?","​Size gelen bir yönlendirilmiş çağrıda arayan kişiye numaranızı göstermek istemediğinizde bu servisi aktif edebilirsiniz. Bu servis şebekeler arasında ve sabit operatörlere doğru çalışmayabilir.İşlemi 532 5320000 numaralı Müşteri Hizmetlerinden gerçekleştirebilirsiniz.Açma: Bana yönlendirilen aramalarda numaram görünür.Kapama: Bana yönlendirilen aramalarda numaram görünmez.","https://www.turkcell.com.tr/destek/hattiniz/sikca-sorulan-sorular/puk-kodumu-nasil-ogrenirim"
"Arayan numarayı göster (CLIP) özelliği nedir?","​Sizi arayan kişilerin numarasının telefonunuzda gözükmesi özelliğini bu ayarı kullanarak değiştirebilirsiniz.Tüm abonelerimiz için bu özellik aktiftir, abonelerimizin telefonlarında arayan numaralar gösterilmektedir. Eğer telefonunuz bu özelliği destekliyorsa, telefon ekranında sizi arayan numara görünecektir.Ayarlarınızı değiştirmek için telefonunuz üzerinde aşağıdaki adımları izleyebilirsiniz. Bu ayarları Turkcell Uygulaması>Çağrı Ayarlarım üzerinden de yapabilirsiniz.Aktif yapmak için *30# tuşlayınızİptal etmek için #30# tuşlayınızDurumu kontrol etmek için *#30# tuşlayınız","https://www.turkcell.com.tr/destek/hattiniz/sikca-sorulan-sorular/baglanilan-numarayi-goster-colp-ozelligi-nedir"
"Numaramı gizle (CLIR) özelliği nedir?","​Telefonunuzdan arama yaptığınızda, karşı tarafta numaranızın görünmesini “numaramı gizle” servisi ile yönetebilirsiniz. Servisi aktif yaptığınızda, karşı tarafta numaranız görünmez. İptal ettiğinizde ise karşı tarafta numaranız görünecektir.Tüm abonelerimiz için “numaramı gizle” servisimiz kapalı durumdadır, dışarıya yapılan aramalarda numara gösterilmektedir.Ayarlarınızı değiştirmek için telefonunuz üzerinde aşağıdaki adımları izleyebilirsiniz.Aktif yapmak için *31# tuşlayınızİptal etmek için #31# tuşlayınızDurumu kontrol etmek için *#31# tuşlayınızEğer “numaramı gizle” özelliğiniz aktif değil ise, fakat o an yaptığınız aramada numaranızın görünmesini istemiyorsanız;#31#NUMARA tuşlayınız (NUMARA: Aramak istediğiniz numara)Eğer “numaramı gizle” servisiniz aktif ise, fakat o an yaptığınız aramada numaranızın görünmesini istiyorsanız aşağıdaki şekilde arama yapabilirsiniz;*31# NUMARA tuşlayınız (NUMARA: Aramak istediğiniz numara)Ücretlendirme: Bu servisin kullanımı için ek bir ücret ödemezsiniz.","https://www.turkcell.com.tr/destek/hattiniz/sikca-sorulan-sorular/baglanilan-numarayi-gosterme-colr-ozelligi-nedir"
"Arama kısıtlama özelliği nedir?","​​Bu özellik ile belirli yönlere doğru olan aramaları kısıtlayabilirsiniz. Böylece telefonunuzdan izinsiz kullanımları önlersiniz.Ayarlarınızı değiştirmek için telefonunuz üzerinde aşağıdaki adımları izleyebilirsiniz. Bu ayarları Turkcell Uygulaması>Çağrı Ayarlarım üzerinden de yapabilirsiniz.Aktif yapmak için *33*PIN*# tuşlayınızİptal etmek için #33*PIN# tuşlayınızKontrol etmek için *#33# tuşlayınızB​elirli yönlerde aktif yapmak için *33Y*PIN*# tuşlayınız. (Y: Yönlendirme Kodları)PIN numaranız 1234 olarak tanımlanmıştır.PIN numaranızı değiştirmek için PIN değiştirme bölümüne bakabilirsiniz.Kısıtlama yapabileceğiniz yönleri içeren yön numaraları aşağıda verilmiştir. Acil aramalara telefonunuz her zaman açıktır. Acil numaralara arama kısıtlama için tanım yapılamaz.Yönlendirme kodları:Tüm aramalara kapamaUluslararası aramalara kapamaMobil aramalara kapama0900’lü özel aramalara kapamaUluslararası aramalara ve Mobil aramalara kapamaUluslararası aramalara ve 0900’lü özel aramalara kapamaMobil ve 0900’lü özel aramalara kapamaMobil, Uluslararası ve 0900’lü özel aramalara kapamaÖrneğin; *332*1234*# tuşladığınızda telefonunuz uluslararası giden aramalara kapalı olacaktır.Ücretlendirme: Bu servisin kullanımı için ek bir ücret ödemezsiniz.","https://www.turkcell.com.tr/destek/hattiniz/sikca-sorulan-sorular/arayan-numarayi-goster-clip-ozelligi-nedir"
"Gizli numarayı reddet (ACR) özelliği nedir?","​Gizli numaralardan gelen aramaları kabul etmek istemiyorsanız bu özelliği kullanabilirsiniz.Tüm abonelerimiz için “gizli numarayı reddet” servisimiz kapalı durumdadır, abonelerimize gizli numaralardan çağrı gelebilmektedir.Bu seçenek KAPALI durumda iken, gizli numaralardan arama gelmektedir. Bu seçenek AÇIK durumda iken gizli numaradan arama gelmez. Telefonunuz gizli numaradan gelen aramalara AÇIK iken sizi arayanlar «Gizli Numaradan Çağrı Almadığınız» anonsunu duyarlar. Telefon çağrısı otomatik olarak sonlanır.Ayarlarınızı değiştirmek için telefonunuz üzerinde aşağıdaki adımları izleyebilirsiniz. Bu ayarları Turkcell Uygulaması>Çağrı Ayarlarım üzerinden de yapabilirsiniz.Aktif yapmak için *253# tuşlayınızİptal etmek için #253# tuşlayınızÜcretlendirme: Bu servisin kullanımı için ek bir ücret ödemezsiniz. ​","https://www.turkcell.com.tr/destek/hattiniz/sikca-sorulan-sorular/numarami-gizle-clir-ozelligi-nedir"
"PIN değiştirme özelliği nedir?","​PIN numaranız 1234 olarak tanımlanmıştır.PIN numaranızı telefonunuzun tuşlarını kullanarak değiştirebilirsiniz.PIN değiştirmek için *03*330*ESKİ PIN*YENİ PIN*YENİ PIN*Ücretlendirme: Bu servisin kullanımı için ek bir ücret ödemezsiniz.","https://www.turkcell.com.tr/destek/hattiniz/sikca-sorulan-sorular/arama-kisitlama-ozelligi-nedir"
"Rahatsız etmeyiniz özelliği nedir?","​Telefonunuzu gelen aramalara kapatmak istediğinizde bu özelliği kullanabilirsiniz.Bu özellik aktif olduğunda, dışarıdan size arama gelmez ancak siz telefonunuzdan arama yapabilirsiniz. Bu özelliği iptal ettiğinizde telefonunuza tekrar aramalar gelecektir.Ayarlarınızı değiştirmek için telefonunuz üzerinde aşağıdaki adımları izleyebilirsiniz.Aktif yapmak için *35*PIN*# tuşlayınızİptal etmek için #35*PIN*# tuşlayınızDurumu kontrol etmek için *#35# tuşlayınızPIN numaranız 1234 olarak tanımlanmıştır.PIN numaranızı değiştirmek için PIN değiştirme bölümüne bakabilirsiniz.Ücretlendirme: Bu servisin kullanımı için ek bir ücret ödemezsiniz.","https://www.turkcell.com.tr/destek/hattiniz/sikca-sorulan-sorular/gizli-numarayi-reddet-acr-ozelligi-nedir"
"Gelen tüm aramaları nasıl yönlendiririm?","​Bu seçenek ile gelen tüm aramalar belirleyeceğiniz numaraya yönlendirilir.Ayarlarınızı değiştirmek için telefonunuz üzerinde aşağıdaki adımları izleyebilirsiniz. Bu ayarları Turkcell Uygulaması>Çağrı Ayarlarım üzerinden de yapabilirsiniz.Akt​if yapmak için *21*NUMARA*# tuşlayınızİptal etmek için ##21# tuşlayınızDurumu kontrol etmek için *#21# tuşlayınız*NUMARA: Aramalarınızı yönlendirmek istediğiniz numaradır.","https://www.turkcell.com.tr/destek/hattiniz/sikca-sorulan-sorular/pin-degistirme-ozelligi-nedir"
"Hattım meşgul olduğunda gelen aramaları nasıl yönlendiririm?","​Bu seçenek ile telefon hattınız meşgul olduğunda gelen aramalar belirleyeceğiniz numaraya yönlendirilir.Ayarlarınızı değiştirmek için telefonunuz üzerinde aşağıdaki adımları izleyebilirsiniz. Bu ayarları Turkcell Uygulaması>Çağrı Ayarlarım üzerinden de yapabilirsiniz.Aktif yapmak için *67*NUMARA*# tuşlayınızİptal etmek için ##67# tuşlayınızDurumu kontrol etmek için *#67# tuşlayınız*NUMARA: Aramalarınızı yönlendirmek istediğiniz numaradır.","https://www.turkcell.com.tr/destek/hattiniz/sikca-sorulan-sorular/rahatsiz-etmeyiniz-ozelligi-nedir"
"Telefona cevap verilmediğinde gelen aramaları nasıl yönlendiririm?","Bu seçenek ile telefonunuz 14 saniye çaldıktan sonra cevap vermediğinizde, gelen aramalar belirlediğiniz numaraya yönlenecektir. 14 saniye süresi yaklaşık 4 kez çalmaya karşılık gelmektedir.Ayarlarınızı değiştirmek için telefonunuz üzerinde aşağıdaki adımları izleyebilirsiniz. Bu ayarları Turkcell Uygulaması>Çağrı Ayarlarım üzerinden de yapabilirsiniz.Aktif yapmak için *61*NUMARA*# tuşlayınız.İptal etmek için ##​61# tuşlayınızDurumu kontrol etmek için *#61# tuşlayınız*NUMARA: Aramalarınızı yönlendirmek istediğiniz numaradır.","https://www.turkcell.com.tr/destek/hattiniz/sikca-sorulan-sorular/gelen-tum-aramalari-nasil-yonlendiririm"
"Telefona ulaşılamadığında gelen aramaları nasıl yönlendiririm?","​Ayarlarınızı değiştirmek için telefonunuz üzerinde aşağıdaki adımları izleyebilirsiniz. Bu ayarları Turkcell Uygulaması>Çağrı Ayarlarım üzerinden de yapabilirsiniz.Aktif yapmak için *62*NUMARA*# tuşlayınızİptal etmek için ##62# tuşlayınızDurumu kontrol etmek için *#62# tuşlayınız*NUMARA: Aramalarınızı yönlendirmek istediğiniz numaradır.","https://www.turkcell.com.tr/destek/hattiniz/sikca-sorulan-sorular/hattim-mesgul-oldugunda-gelen-aramalari-nasil-yonlendiririm"
"Özel Servis Numaraları","​​​​​​​​​​Cep telefonununuzdan kısa numaralara yaptığınız aramaların ücretlendirme detayları aşağıdaki gibidir. Fiyatlara KDV ve ÖİV dahildir. Vergiler hakkında detaylı bilgi içintıklayınız​.​​Servis AdıNumara​Faturalı ve Ön Ödemeli HatlarSes ÇağrılarıÜcretlendirmePeriyodu​Faturalı ve Ön Ödemeli HatlarSMSÜcretlendirmePeriyoduTurkcell Bilinmeyen No​​118328,80 TL / dakika60 sn​--​RA TELEKOM​11822​8,90 TL / Dakika​60 sn​12 TL/AdetAdet​BN TELEKOM​11880​42,99 TL/ Dakika​60 sn​-​​-​​CALLTURK Rehberlik Hizmetleri​11858​79,90 TL/ Dakika ​​60 sn-​-​PLUSS TELEKOM​11899​49,00 TL / Dakika​​60 sn​98,00 TL/Adet​AdetTT Bilinmeyen No118111,25 TL / dakika60 sn--TT Mobil Bilinmeyen No118558​,84 TL / dakika60 sn--Vodafone Bilinmeyen No118421,25 TL / dakika60 sn--118 Telekomünikasyon Hizmetleri11834​79,95 TL/dakika​​60 sn​​139,00 TL/AdetAdet​Mobilişim İletişim A.Ş11877​139,00 TL/dakika60 sn​139,00 TL/AdetAdet​YANGIN İHBAR *110ÜCRETSİZÜCRETSİZ--SIHHI İMDAT *112ÜCRETSİZÜCRETSİZ--ALO KIYI EMNİYET *151ÜCRETSİZÜCRETSİZ--POLİS İMDAT *155ÜCRETSİZÜCRETSİZ--JANDARMA İMDAT *156ÜCRETSİZÜCRETSİZ--İNSAN TİCARETİ MAĞDURLARINA YARDIM VE İHBAR HATTI *157ÜCRETSİZÜCRETSİZ--ALO SAHİL GÜVENLİK *158ÜCRETSİZÜCRETSİZ--ALO KARAYOLLARI *159ÜCRETSİZÜCRETSİZ--TÜRKİYE KIZILAY DERNEĞİ *168ÜCRETSİZÜCRETSİZ--ORMAN YANGIN İHBAR *177ÜCRETSİZÜCRETSİZ--ALO AFAD122ÜCRETSİZÜCRETSİZ--GÜMRÜK MÜSTEŞARLIĞI136ÜCRETSİZÜCRETSİZ--ALO SOSYAL YARDIM HATTI144ÜCRETSİZÜCRETSİZ--ALO TRAFİK154ÜCRETSİZÜCRETSİZ--Kadın Ve Sosyal Hizmetler183ÜCRETSİZÜCRETSİZ--ALO DOKTORUM YANIMDA113Ses paketi olan müşterilerin paketindeki sabit hat yönüne olan dakikalarından düşer, ses paketi olmayan müşterilerin ise tarifesinin sabit hat yönüne olan ücreti ve ücretlendirme periyodu ile aynıdır.ZEHİR DANISMA114Ses paketi olan müşterilerin paketindeki sabit hat yönüne olan dakikalarından düşer, ses paketi olmayan müşterilerin ise tarifesinin sabit hat yönüne olan ücreti ve ücretlendirme periyodu ile aynıdır.POSTA KODU DANISMA119Ses paketi olan müşterilerin paketindeki sabit hat yönüne olan dakikalarından düşer, ses paketi olmayan müşterilerin ise tarifesinin sabit hat yönüne olan ücreti ve ücretlendirme periyodu ile aynıdır.TELEFON ARIZA121Ses paketi olan müşterilerin paketindeki sabit hat yönüne olan dakikalarından düşer, ses paketi olmayan müşterilerin ise tarifesinin sabit hat yönüne olan ücreti ve ücretlendirme periyodu ile aynıdır.ALO DASK125Ses paketi olan müşterilerin paketindeki sabit hat yönüne olan dakikalarından düşer, ses paketi olmayan müşterilerin ise tarifesinin sabit hat yönüne olan ücreti ve ücretlendirme periyodu ile aynıdır.KABLOLU TV DANIŞMA126Ses paketi olan müşterilerin paketindeki sabit hat yönüne olan dakikalarından düşer, ses paketi olmayan müşterilerin ise tarifesinin sabit hat yönüne olan ücreti ve ücretlendirme periyodu ile aynıdır.ALO VAN ERÇİŞ EĞİTİM BAKANLIĞI İLETİŞİM MERKEZİ147Ses paketi olan müşterilerin paketindeki sabit hat yönüne olan dakikalarından düşer, ses paketi olmayan müşterilerin ise tarifesinin sabit hat yönüne olan ücreti ve ücretlendirme periyodu ile aynıdır.BAŞBAKANLIK İLETİŞİM MERKEZİ150Ses paketi olan müşterilerin paketindeki sabit hat yönüne olan dakikalarından düşer, ses paketi olmayan müşterilerin ise tarifesinin sabit hat yönüne olan ücreti ve ücretlendirme periyodu ile aynıdır.BOTAŞ İHBAR HATTI152Ses paketi olan müşterilerin paketindeki sabit hat yönüne olan dakikalarından düşer, ses paketi olmayan müşterilerin ise tarifesinin sabit hat yönüne olan ücreti ve ücretlendirme periyodu ile aynıdır.ALO ZABITA153Ses paketi olan müşterilerin paketindeki sabit hat yönüne olan dakikalarından düşer, ses paketi olmayan müşterilerin ise tarifesinin sabit hat yönüne olan ücreti ve ücretlendirme periyodu ile aynıdır.E DEVLET KAPISI ÇAĞRI MERKEZİ160Ses paketi olan müşterilerin paketindeki sabit hat yönüne olan dakikalarından düşer, ses paketi olmayan müşterilerin ise tarifesinin sabit hat yönüne olan ücreti ve ücretlendirme periyodu ile aynıdır.TELEKOM BORÇ SORMA163Ses paketi olan müşterilerin paketindeki sabit hat yönüne olan dakikalarından düşer, ses paketi olmayan müşterilerin ise tarifesinin sabit hat yönüne olan ücreti ve ücretlendirme periyodu ile aynıdır.ALO INTERNET BILGI IHBAR166Ses paketi olan müşterilerin paketindeki sabit hat yönüne olan dakikalarından düşer, ses paketi olmayan müşterilerin ise tarifesinin sabit hat yönüne olan ücreti ve ücretlendirme periyodu ile aynıdır.ALO POSTA169Ses paketi olan müşterilerin paketindeki sabit hat yönüne olan dakikalarından düşer, ses paketi olmayan müşterilerin ise tarifesinin sabit hat yönüne olan ücreti ve ücretlendirme periyodu ile aynıdır.ÇALIŞMA VE SOSYAL GUVENLİK170Ses paketi olan müşterilerin paketindeki sabit hat yönüne olan dakikalarından düşer, ses paketi olmayan müşterilerin ise tarifesinin sabit hat yönüne olan ücreti ve ücretlendirme periyodu ile aynıdır.UYUŞTURUCU BİLGİ191Ses paketi olan müşterilerin paketindeki sabit hat yönüne olan dakikalarından düşer, ses paketi olmayan müşterilerin ise tarifesinin sabit hat yönüne olan ücreti ve ücretlendirme periyodu ile aynıdır.ALO ATEK172Ses paketi olan müşterilerin paketindeki sabit hat yönüne olan dakikalarından düşer, ses paketi olmayan müşterilerin ise tarifesinin sabit hat yönüne olan ücreti ve ücretlendirme periyodu ile aynıdır.ALO İZCİ KAN BİLGİ MERKEZİ173Ses paketi olan müşterilerin paketindeki sabit hat yönüne olan dakikalarından düşer, ses paketi olmayan müşterilerin ise tarifesinin sabit hat yönüne olan ücreti ve ücretlendirme periyodu ile aynıdır.ALO GIDA174Ses paketi olan müşterilerin paketindeki sabit hat yönüne olan dakikalarından düşer, ses paketi olmayan müşterilerin ise tarifesinin sabit hat yönüne olan ücreti ve ücretlendirme periyodu ile aynıdır.ALO TÜKETİCİ175Ses paketi olan müşterilerin paketindeki sabit hat yönüne olan dakikalarından düşer, ses paketi olmayan müşterilerin ise tarifesinin sabit hat yönüne olan ücreti ve ücretlendirme periyodu ile aynıdır.RTÜK178Ses paketi olan müşterilerin paketindeki sabit hat yönüne olan dakikalarından düşer, ses paketi olmayan müşterilerin ise tarifesinin sabit hat yönüne olan ücreti ve ücretlendirme periyodu ile aynıdır.ALO VALİLİK179Ses paketi olan müşterilerin paketindeki sabit hat yönüne olan dakikalarından düşer, ses paketi olmayan müşterilerin ise tarifesinin sabit hat yönüne olan ücreti ve ücretlendirme periyodu ile aynıdır.İŞ VE İŞÇİ BULMA180Ses paketi olan müşterilerin paketindeki sabit hat yönüne olan dakikalarından düşer, ses paketi olmayan müşterilerin ise tarifesinin sabit hat yönüne olan ücreti ve ücretlendirme periyodu ile aynıdır.ÇEVRE BİLGİ181Ses paketi olan müşterilerin paketindeki sabit hat yönüne olan dakikalarından düşer, ses paketi olmayan müş​terilerin ise tarifesinin sabit hat yönüne olan ücreti ve ücretlendirme periyodu ile aynıdır.MHRS (Merkezi Hastane Randevu Sistemi)182Ses paketi olan müşterilerin paketindeki sabit hat yönüne olan dakikalarından düşer, ses paketi olmayan müşterilerin ise tarifesinin sabit hat yönüne olan ücreti ve ücretlendirme periyodu ile aynıdır.SAĞLIK DANIŞMA184184 aramaları ücretsizdir, müşterilerin paketlerinden düşmez.SU ARIZA185Ses paketi olan müşterilerin paketindeki sabit hat yönüne olan dakikalarından düşer, ses paketi olmayan müşterilerin ise tarifesinin sabit hat yönüne olan ücreti ve ücretlendirme periyodu ile aynıdır.ELEKTRİK ARIZA186Ses paketi olan müşterilerin paketindeki sabit hat yönüne olan dakikalarından düşer, ses paketi olmayan müşterilerin ise tarifesinin sabit hat yönüne olan ücreti ve ücretlendirme periyodu ile aynıdır.GAZ ARIZA187Ses paketi olan müşterilerin paketindeki sabit hat yönüne olan dakikalarından düşer, ses paketi olmayan müşterilerin ise tarifesinin sabit hat yönüne olan ücreti ve ücretlendirme periyodu ile aynıdır.CENAZE HİZMETLERİ188Ses paketi olan müşterilerin paketindeki sabit hat yönüne olan dakikalarından düşer, ses paketi olmayan müşterilerin ise tarifesinin sabit hat yönüne olan ücreti ve ücretlendirme periyodu ile aynıdır.VERGİ DANIŞMA189Ses paketi olan müşterilerin paketindeki sabit hat yönüne olan dakikalarından düşer, ses paketi olmayan müşterilerin ise tarifesinin sabit hat yönüne olan ücreti ve ücretlendirme periyodu ile aynıdır.* Hattınızın geçici olarak aramalara kapatılması durumunda da tabloda yer alan ücretsiz kısa numaraları arayabilirsiniz.444' lü Aramalar (Faturalı Müşterilerimiz)Ücretlendirelecek NumaralarSes Paketi Olan MüşterilerSes Paketi Olmayan MüşterilerSes Paketini Aşan Müşteriler444'lü numaralarSes Paketindeki Sabit Hat Yönüne DakikalarındanSabit hat yönüne ücreti ve ücretlendirme periyoduyla aynıSabit hat yönüne tarifesinin dakika başına paket aşım ücreti755'li numaralarSes Paketindeki Turkcell Yönüne DakikalarındanTurkcell yönüne ücreti ve ücretlendirme periyoduyla aynıTurkcell yönüne tarifesinin dakika başına paket aşım ücreti532 yada 0532 532 0000Turkcell Çağrı Merkezi​Turkcell ve Turkcell Superonline Ses Müşterilerimiz için ücretsizdir.Turkcell ve Turkcell Superonline Ses Müşterilerimiz için ücretsizdir.Turkcell ve Turkcell Superonline Ses Müşterilerimiz için ücretsizdir.​​850'li numaralar​Ses paketindeki sabit hat yönüne dakikalardanSabit hat yönüne ücreti ve ücretlendirme periyoduyla aynı​Sabit hat yönüne tarifesinin dakika başına paket aşım ücreti​1 ile başlayan ücretli 3 haneli numaralarSes Paketindeki Sabit Hat Yönüne DakikalarındanSabit hat yönüne ücreti ve ücretlendirme periyoduyla aynıSabit hat yönüne tarifesinin dakika başına paket aşım ücretiTurkcell’in söz konusu hizmetin ticari amaçlarla veya haberleşme amacı dışında kullanılması ve suistimal hallerinde kullanımları kısıtlama hakkı saklıdır.Turkcell müşteri menfaatini korumak amacıyla, hukuka aykırı ya da hileli bir faaliyetin varlığı veya bu hususta haklı şüphe bulunması durumunda hizmetin kısıtlanması veya durdurulması hakkını saklı tutar.Hattınızı yurt dışında kullanırken 444’lü numaralara yaptığınız aramalar yukarıda belirtilen ücretler üzerinden değil, kullanmakta olduğunuz yurt dışı tarifesinden ücretlendirilir.Yukarıdaki numaralar dışındaki 118’li numaralar, kısa numaralar, yarışma servisleri, sohbet hatları, bilgi ve danışma numaraları, tüm katma değerli hizmet sunulan numaralarına doğru yapılan arama ücretleri yararlanmakta olduğunuz tarifedeki ücretlendirmelerden farklıdır, tarifenizde belirtilen ücretler veya var ise ücretsiz görüşme süreleri bu servisleri kapsamamaktadır.Turkcell hatları ile 0800 ile başlayan numaralar aranamaz.​444'lü Aramalar (Faturasız Müşterilerimiz)Ücretlendirelecek NumaralarSes Paketi Olan MüşterilerSes Paketi Olmayan Müşteriler444'lü numaralarSes Paketindeki Sabit Hat Yönüne DakikalarındanTarifenizin sabit hat yönüne ücreti ve ücretlendirme periyoduyla aynı755'li numaralarSes Paketindeki Turkcell Yönüne DakikalarındanTarifenizin Turkcell yönüne ücreti ve ücretlendirme periyoduyla aynı532 yada 0532 532 0000​ ​Turkcell Çağrı Merkezi​Turkcell ve Turkcell Superonline Ses Müşterilerimiz için ücretsizdir.​Turkcell ve Turkcell Superonline Ses Müşterilerimiz için ücretsizdir.​850'li numaralar​​Ses paketindeki sabit hat yönüne dakikalardanSabit hat yönüne ücreti ve ücretlendirme periyoduyla aynı​1 ile başlayan ücretli 3 haneli numaralarSes Paketindeki Sabit Hat Yönüne DakikalarındanTarifenizin sabit hat yönüne ücreti ve ücretlendirme periyoduyla aynıTurkcell’in söz konusu hizmetin ticari amaçlarla veya haberleşme amacı dışında kullanılması ve suistimal hallerinde kullanımları kısıtlama hakkı saklıdır.Turkcell müşteri menfaatini korumak amacıyla, hukuka aykırı ya da hileli bir faaliyetin varlığı veya bu hususta haklı şüphe bulunması durumunda hizmetin kısıtlanması veya durdurulması hakkını saklı tutar.Hattınızı yurt dışında kullanırken 444’lü numaralara ​yaptığınız aramalar yukarıda belirtilen ücretler üzerinden değil, kullanmakta olduğunuz yurt dışı tarifesinden ücretlendirilir.Yukarıdaki numaralar dışındaki 118’li numaralar, kısa numaralar, yarışma servisleri, sohbet hatları, bilgi ve danışma numaraları, tüm katma değerli hizmet sunulan numaralarına doğru yapılan arama ve sms gönderimleri ücretleri yararlanmakta olduğunuz tarifedeki ücretlendirmelerden farklıdır, tarifenizde belirtilen ücretler veya var ise ücretsiz görüşme süreleri bu servisleri kapsamamaktadır.Turkcell hatları ile 0800 ile başlayan numaralar aranamaz.Tüm 444'lü numaraların arama ücreti 1 Mayıs 2012 tarihinde değiştirilmiştir.​","https://www.turkcell.com.tr/destek/hattiniz/sikca-sorulan-sorular/telefona-cevap-verilmediginde-gelen-aramalari-nasil-yonlendiririm"
